,formula,structure,young_modulus,shear_modulus,bulk_modulus
0,Hf1 Zr2 Ta4 V1 C8,"Full Formula (Hf1 Zr2 Ta4 V1 C8)
Reduced Formula: HfZr2Ta4VC8
abc   :   9.060200   4.521583   4.513897
angles:  90.000000  90.000000  90.000000
pbc   :       True       True       True
Sites (16)
  #  SP            a     b     c
---  ----  ---------  ----  ----
  0  C     -0          0.5   0
  1  C      0.5        0.5   0
  2  C      0.254757  -0     0
  3  C      0.745243  -0    -0
  4  C     -0         -0     0.5
  5  C      0.5       -0     0.5
  6  C      0.252084   0.5   0.5
  7  C      0.747916   0.5   0.5
  8  Ta     0.5       -0     0
  9  Ta    -0          0.5   0.5
 10  Ta     0.260889  -0     0.5
 11  Ta     0.739111  -0     0.5
 12  Zr     0.25513    0.5   0
 13  Zr     0.74487    0.5   0
 14  Hf    -0         -0     0
 15  V      0.5        0.5   0.5",474.384,194.084,284.518
1,Hf1 Zr2 Ta4 Nb1 C8,"Full Formula (Hf1 Zr2 Ta4 Nb1 C8)
Reduced Formula: HfZr2Ta4NbC8
abc   :   9.104641   4.550201   4.542237
angles:  90.000000  90.000000  90.000000
pbc   :       True       True       True
Sites (16)
  #  SP            a     b     c
---  ----  ---------  ----  ----
  0  C     -0          0.5  -0
  1  C      0.5        0.5  -0
  2  C      0.253634  -0     0
  3  C      0.746366  -0    -0
  4  C     -0         -0     0.5
  5  C      0.5       -0     0.5
  6  C      0.248561   0.5   0.5
  7  C      0.751439   0.5   0.5
  8  Ta     0.5       -0    -0
  9  Ta    -0          0.5   0.5
 10  Ta     0.257515  -0     0.5
 11  Ta     0.742485  -0     0.5
 12  Zr     0.252043   0.5   0
 13  Zr     0.747957   0.5  -0
 14  Hf    -0         -0    -0
 15  Nb     0.5        0.5   0.5",476.092,194.288,288.77
2,Hf1 Zr2 Ta4 Ti1 C8,"Full Formula (Hf1 Zr2 Ta4 Ti1 C8)
Reduced Formula: HfZr2Ta4TiC8
abc   :   9.083782   4.534616   4.527924
angles:  90.000000  90.000000  90.000000
pbc   :       True       True       True
Sites (16)
  #  SP           a    b     c
---  ----  --------  ---  ----
  0  C     0         0.5   0
  1  C     0.5       0.5   0
  2  C     0.253648  0     0
  3  C     0.746352  0     0
  4  C     0         0     0.5
  5  C     0.5       0     0.5
  6  C     0.251484  0.5   0.5
  7  C     0.748516  0.5   0.5
  8  Ta    0.5       0     0
  9  Ta    0         0.5   0.5
 10  Ta    0.257167  0     0.5
 11  Ta    0.742833  0     0.5
 12  Zr    0.253426  0.5   0
 13  Zr    0.746574  0.5  -0
 14  Hf    0         0     0
 15  Ti    0.5       0.5   0.5",454.302,184.115,284.378
3,Hf1 Zr2 Ta4 Mo1 C8,"Full Formula (Hf1 Zr2 Ta4 Mo1 C8)
Reduced Formula: HfZr2Ta4MoC8
abc   :   9.086688   4.530692   4.527169
angles:  90.000000  90.000000  90.000000
pbc   :       True       True       True
Sites (16)
  #  SP           a     b     c
---  ----  --------  ----  ----
  0  C     0          0.5   0
  1  C     0.5        0.5   0
  2  C     0.2546     0     0
  3  C     0.7454     0    -0
  4  C     0          0     0.5
  5  C     0.5        0     0.5
  6  C     0.24773    0.5   0.5
  7  C     0.75227    0.5   0.5
  8  Ta    0.5        0     0
  9  Ta    0          0.5   0.5
 10  Ta    0.256756  -0     0.5
 11  Ta    0.743244  -0     0.5
 12  Zr    0.253503   0.5   0
 13  Zr    0.746497   0.5  -0
 14  Hf    0          0     0
 15  Mo    0.5        0.5   0.5",490.162,200.636,293.355
4,Hf1 Zr2 Ta4 W1 C8,"Full Formula (Hf1 Zr2 Ta4 W1 C8)
Reduced Formula: HfZr2Ta4WC8
abc   :   9.079606   4.527895   4.524702
angles:  90.000000  90.000000  90.000000
pbc   :       True       True       True
Sites (16)
  #  SP            a    b     c
---  ----  ---------  ---  ----
  0  C     -0         0.5   0
  1  C      0.5       0.5   0
  2  C      0.25443   0     0
  3  C      0.74557   0    -0
  4  C     -0         0     0.5
  5  C      0.5       0     0.5
  6  C      0.25092   0.5   0.5
  7  C      0.74908   0.5   0.5
  8  Ta     0.5       0     0
  9  Ta    -0         0.5   0.5
 10  Ta     0.255194  0     0.5
 11  Ta     0.744806  0     0.5
 12  Zr     0.252627  0.5   0
 13  Zr     0.747373  0.5   0
 14  Hf    -0         0     0
 15  W      0.5       0.5   0.5",501.315,205.298,299.411
5,Hf1 Zr2 Ta4 Cr1 C8,"Full Formula (Hf1 Zr2 Ta4 Cr1 C8)
Reduced Formula: HfZr2Ta4CrC8
abc   :   9.047120   4.518595   4.508051
angles:  90.000000  90.000000  90.000000
pbc   :       True       True       True
Sites (16)
  #  SP            a    b     c
---  ----  ---------  ---  ----
  0  C     -0         0.5  -0
  1  C      0.5       0.5  -0
  2  C      0.255229  0     0
  3  C      0.744771  0     0
  4  C     -0         0     0.5
  5  C      0.5       0     0.5
  6  C      0.251412  0.5   0.5
  7  C      0.748588  0.5   0.5
  8  Ta     0.5       0    -0
  9  Ta    -0         0.5   0.5
 10  Ta     0.261018  0     0.5
 11  Ta     0.738982  0     0.5
 12  Zr     0.255877  0.5   0
 13  Zr     0.744123  0.5   0
 14  Hf    -0         0    -0
 15  Cr     0.5       0.5   0.5",470.419,192.217,283.723
6,Zr2 Ta4 Nb1 V1 C8,"Full Formula (Zr2 Ta4 Nb1 V1 C8)
Reduced Formula: Zr2Ta4NbVC8
abc   :   8.975690   4.506798   4.505980
angles:  90.000000  90.000000  90.000000
pbc   :       True       True       True
Sites (16)
  #  SP            a     b     c
---  ----  ---------  ----  ----
  0  C     -0          0.5   0
  1  C      0.5        0.5   0
  2  C      0.249014  -0     0
  3  C      0.750986  -0    -0
  4  C     -0          0     0.5
  5  C      0.5        0     0.5
  6  C      0.248029   0.5   0.5
  7  C      0.751971   0.5   0.5
  8  Ta     0.5        0     0
  9  Ta    -0          0.5   0.5
 10  Ta     0.242617   0     0.5
 11  Ta     0.757383   0     0.5
 12  Zr     0.246989   0.5   0
 13  Zr     0.753011   0.5   0
 14  V     -0          0     0
 15  Nb     0.5        0.5   0.5",481.444,196.37,292.695
7,Zr2 Ta4 Ti1 V1 C8,"Full Formula (Zr2 Ta4 Ti1 V1 C8)
Reduced Formula: Zr2Ta4TiVC8
abc   :   8.961756   4.484385   4.489411
angles:  90.000000  90.000000  90.000000
pbc   :       True       True       True
Sites (16)
  #  SP           a     b     c
---  ----  --------  ----  ----
  0  C     0          0.5   0
  1  C     0.5        0.5   0
  2  C     0.24841    0    -0
  3  C     0.75159    0    -0
  4  C     0          0     0.5
  5  C     0.5        0     0.5
  6  C     0.249693   0.5   0.5
  7  C     0.750307   0.5   0.5
  8  Ta    0.5        0     0
  9  Ta    0          0.5   0.5
 10  Ta    0.244664  -0     0.5
 11  Ta    0.755336  -0     0.5
 12  Zr    0.24817    0.5   0
 13  Zr    0.75183    0.5   0
 14  V     0          0     0
 15  Ti    0.5        0.5   0.5",458.925,186.049,286.843
8,Zr2 Ta4 V1 Mo1 C8,"Full Formula (Zr2 Ta4 V1 Mo1 C8)
Reduced Formula: Zr2Ta4VMoC8
abc   :   8.946566   4.489308   4.490898
angles:  90.000000  90.000000  90.000000
pbc   :       True       True       True
Sites (16)
  #  SP            a    b     c
---  ----  ---------  ---  ----
  0  C     -0         0.5   0
  1  C      0.5       0.5   0
  2  C      0.249302  0    -0
  3  C      0.750698  0    -0
  4  C      0         0     0.5
  5  C      0.5       0     0.5
  6  C      0.246104  0.5   0.5
  7  C      0.753896  0.5   0.5
  8  Ta     0.5       0     0
  9  Ta    -0         0.5   0.5
 10  Ta     0.246608  0     0.5
 11  Ta     0.753392  0     0.5
 12  Zr     0.248882  0.5   0
 13  Zr     0.751118  0.5   0
 14  V     -0         0     0
 15  Mo     0.5       0.5   0.5",491.168,200.546,297.221
9,Zr2 Ta4 V1 W1 C8,"Full Formula (Zr2 Ta4 V1 W1 C8)
Reduced Formula: Zr2Ta4VWC8
abc   :   8.937772   4.490241   4.487755
angles:  90.000000  90.000000  90.000000
pbc   :       True       True       True
Sites (16)
  #  SP            a     b     c
---  ----  ---------  ----  ----
  0  C     -0          0.5   0
  1  C      0.5        0.5   0
  2  C      0.249245  -0    -0
  3  C      0.750755  -0     0
  4  C     -0         -0     0.5
  5  C      0.5       -0     0.5
  6  C      0.249095   0.5   0.5
  7  C      0.750905   0.5   0.5
  8  Ta     0.5       -0     0
  9  Ta    -0          0.5   0.5
 10  Ta     0.244717  -0     0.5
 11  Ta     0.755283  -0     0.5
 12  Zr     0.248028   0.5  -0
 13  Zr     0.751972   0.5  -0
 14  V      0         -0     0
 15  W      0.5        0.5   0.5",506.062,207.199,302.525
10,Zr2 Ta4 V1 Cr1 C8,"Full Formula (Zr2 Ta4 V1 Cr1 C8)
Reduced Formula: Zr2Ta4VCrC8
abc   :   8.879678   4.474883   4.473636
angles:  90.000000  90.000000  90.000000
pbc   :       True       True       True
Sites (16)
  #  SP            a     b     c
---  ----  ---------  ----  ----
  0  C     -0          0.5  -0
  1  C      0.5        0.5  -0
  2  C      0.248436  -0     0
  3  C      0.751564  -0     0
  4  C     -0         -0     0.5
  5  C      0.5       -0     0.5
  6  C      0.250162   0.5   0.5
  7  C      0.749838   0.5   0.5
  8  Ta     0.5       -0    -0
  9  Ta    -0          0.5   0.5
 10  Ta     0.25214   -0     0.5
 11  Ta     0.74786   -0     0.5
 12  Zr     0.250881   0.5  -0
 13  Zr     0.749119   0.5  -0
 14  V     -0         -0    -0
 15  Cr     0.5        0.5   0.5",462.775,187.582,289.447
11,Zr2 Ta4 Ti1 Nb1 C8,"Full Formula (Zr2 Ta4 Ti1 Nb1 C8)
Reduced Formula: Zr2Ta4TiNbC8
abc   :   9.013990   4.515630   4.520435
angles:  90.000000  90.000000  90.000000
pbc   :       True       True       True
Sites (16)
  #  SP            a    b     c
---  ----  ---------  ---  ----
  0  C     -0         0.5  -0
  1  C      0.5       0.5  -0
  2  C      0.251253  0     0
  3  C      0.748747  0     0
  4  C     -0         0     0.5
  5  C      0.5       0     0.5
  6  C      0.25019   0.5   0.5
  7  C      0.74981   0.5   0.5
  8  Ta     0.5       0    -0
  9  Ta    -0         0.5   0.5
 10  Ta     0.252524  0     0.5
 11  Ta     0.747476  0     0.5
 12  Zr     0.251348  0.5  -0
 13  Zr     0.748652  0.5  -0
 14  Nb    -0         0    -0
 15  Ti     0.5       0.5   0.5",469.521,190.58,291.798
12,Zr2 Ta4 Nb1 Mo1 C8,"Full Formula (Zr2 Ta4 Nb1 Mo1 C8)
Reduced Formula: Zr2Ta4NbMoC8
abc   :   9.017468   4.514650   4.516655
angles:  90.000000  90.000000  90.000000
pbc   :       True       True       True
Sites (16)
  #  SP            a     b     c
---  ----  ---------  ----  ----
  0  C     -0          0.5   0
  1  C      0.5        0.5   0
  2  C      0.252635  -0    -0
  3  C      0.747365   0     0
  4  C     -0          0     0.5
  5  C      0.5       -0     0.5
  6  C      0.246559   0.5   0.5
  7  C      0.753441   0.5   0.5
  8  Ta     0.5        0     0
  9  Ta    -0          0.5   0.5
 10  Ta     0.251918  -0     0.5
 11  Ta     0.748082  -0     0.5
 12  Zr     0.251546   0.5  -0
 13  Zr     0.748454   0.5  -0
 14  Nb    -0          0     0
 15  Mo     0.5        0.5   0.5",498.358,203.546,301.15
13,Zr2 Ta4 Nb1 W1 C8,"Full Formula (Zr2 Ta4 Nb1 W1 C8)
Reduced Formula: Zr2Ta4NbWC8
abc   :   9.009058   4.514092   4.513699
angles:  90.000000  90.000000  90.000000
pbc   :       True       True       True
Sites (16)
  #  SP           a    b     c
---  ----  --------  ---  ----
  0  C     0         0.5  -0
  1  C     0.5       0.5  -0
  2  C     0.252546  0     0
  3  C     0.747454  0     0
  4  C     0         0     0.5
  5  C     0.5       0     0.5
  6  C     0.249521  0.5   0.5
  7  C     0.750479  0.5   0.5
  8  Ta    0.5       0    -0
  9  Ta    0         0.5   0.5
 10  Ta    0.250404  0     0.5
 11  Ta    0.749596  0     0.5
 12  Zr    0.25079   0.5  -0
 13  Zr    0.74921   0.5  -0
 14  Nb    0         0    -0
 15  W     0.5       0.5   0.5",500.775,203.891,306.902
14,Zr2 Ta4 Nb1 Cr1 C8,"Full Formula (Zr2 Ta4 Nb1 Cr1 C8)
Reduced Formula: Zr2Ta4NbCrC8
abc   :   8.961614   4.503731   4.500520
angles:  90.000000  90.000000  90.000000
pbc   :       True       True       True
Sites (16)
  #  SP            a     b     c
---  ----  ---------  ----  ----
  0  C     -0          0.5  -0
  1  C      0.5        0.5  -0
  2  C      0.252261  -0     0
  3  C      0.747739  -0     0
  4  C     -0         -0     0.5
  5  C      0.5       -0     0.5
  6  C      0.250217   0.5   0.5
  7  C      0.749783   0.5   0.5
  8  Ta     0.5       -0    -0
  9  Ta    -0          0.5   0.5
 10  Ta     0.257745   0     0.5
 11  Ta     0.742255   0     0.5
 12  Zr     0.253803   0.5  -0
 13  Zr     0.746197   0.5  -0
 14  Nb    -0         -0    -0
 15  Cr     0.5        0.5   0.5",479.137,195.331,291.954
15,Zr2 Ta4 Ti1 Mo1 C8,"Full Formula (Zr2 Ta4 Ti1 Mo1 C8)
Reduced Formula: Zr2Ta4TiMoC8
abc   :   9.000944   4.498693   4.499125
angles:  90.000000  90.000000  90.000000
pbc   :       True       True       True
Sites (16)
  #  SP           a    b     c
---  ----  --------  ---  ----
  0  C     0         0.5  -0
  1  C     0.5       0.5  -0
  2  C     0.250495  0    -0
  3  C     0.749505  0     0
  4  C     0         0     0.5
  5  C     0.5       0     0.5
  6  C     0.246734  0.5   0.5
  7  C     0.753266  0.5   0.5
  8  Ta    0.5       0    -0
  9  Ta    0         0.5   0.5
 10  Ta    0.251386  0     0.5
 11  Ta    0.748614  0     0.5
 12  Zr    0.250515  0.5   0
 13  Zr    0.749485  0.5   0
 14  Ti    0         0    -0
 15  Mo    0.5       0.5   0.5",485.697,198.044,295.693
16,Zr2 Ta4 Ti1 W1 C8,"Full Formula (Zr2 Ta4 Ti1 W1 C8)
Reduced Formula: Zr2Ta4TiWC8
abc   :   8.989750   4.498934   4.497342
angles:  90.000000  90.000000  90.000000
pbc   :       True       True       True
Sites (16)
  #  SP            a    b     c
---  ----  ---------  ---  ----
  0  C      0         0.5   0
  1  C      0.5       0.5   0
  2  C      0.250407  0    -0
  3  C      0.749593  0    -0
  4  C     -0         0     0.5
  5  C      0.5       0     0.5
  6  C      0.249787  0.5   0.5
  7  C      0.750213  0.5   0.5
  8  Ta     0.5       0     0
  9  Ta     0         0.5   0.5
 10  Ta     0.249418  0     0.5
 11  Ta     0.750582  0     0.5
 12  Zr     0.249672  0.5  -0
 13  Zr     0.750328  0.5   0
 14  Ti     0         0     0
 15  W      0.5       0.5   0.5",492.392,200.628,300.742
17,Zr2 Ta4 Ti1 Cr1 C8,"Full Formula (Zr2 Ta4 Ti1 Cr1 C8)
Reduced Formula: Zr2Ta4TiCrC8
abc   :   8.952975   4.484107   4.477774
angles:  90.000000  90.000000  90.000000
pbc   :       True       True       True
Sites (16)
  #  SP            a     b     c
---  ----  ---------  ----  ----
  0  C     -0          0.5   0
  1  C      0.5        0.5   0
  2  C      0.250634  -0    -0
  3  C      0.749366  -0     0
  4  C     -0         -0     0.5
  5  C      0.5       -0     0.5
  6  C      0.250665   0.5   0.5
  7  C      0.749335   0.5   0.5
  8  Ta     0.5       -0     0
  9  Ta    -0          0.5   0.5
 10  Ta     0.25631   -0     0.5
 11  Ta     0.74369   -0     0.5
 12  Zr     0.252653   0.5   0
 13  Zr     0.747347   0.5  -0
 14  Ti    -0         -0     0
 15  Cr     0.5        0.5   0.5",468.33,190.801,286.201
18,Zr2 Ta4 Mo1 W1 C8,"Full Formula (Zr2 Ta4 Mo1 W1 C8)
Reduced Formula: Zr2Ta4MoWC8
abc   :   8.995306   4.495437   4.496270
angles:  90.000000  90.000000  90.000000
pbc   :       True       True       True
Sites (16)
  #  SP           a     b     c
---  ----  --------  ----  ----
  0  C     0          0.5  -0
  1  C     0.5        0.5  -0
  2  C     0.253403  -0    -0
  3  C     0.746597  -0    -0
  4  C     0          0     0.5
  5  C     0.5        0     0.5
  6  C     0.248583   0.5   0.5
  7  C     0.751417   0.5   0.5
  8  Ta    0.5       -0    -0
  9  Ta    0          0.5   0.5
 10  Ta    0.249365   0     0.5
 11  Ta    0.750635   0     0.5
 12  Zr    0.249429   0.5  -0
 13  Zr    0.750571   0.5   0
 14  Mo    0         -0    -0
 15  W     0.5        0.5   0.5",530.746,218.354,310.739
19,Zr2 Ta4 Cr1 Mo1 C8,"Full Formula (Zr2 Ta4 Cr1 Mo1 C8)
Reduced Formula: Zr2Ta4CrMoC8
abc   :   8.934434   4.486370   4.483754
angles:  90.000000  90.000000  90.000000
pbc   :       True       True       True
Sites (16)
  #  SP            a    b     c
---  ----  ---------  ---  ----
  0  C     -0         0.5   0
  1  C      0.5       0.5   0
  2  C      0.253994  0    -0
  3  C      0.746006  0    -0
  4  C     -0         0     0.5
  5  C      0.5       0     0.5
  6  C      0.249997  0.5   0.5
  7  C      0.750003  0.5   0.5
  8  Ta     0.5       0     0
  9  Ta    -0         0.5   0.5
 10  Ta     0.254304  0     0.5
 11  Ta     0.745696  0     0.5
 12  Zr     0.251988  0.5   0
 13  Zr     0.748012  0.5   0
 14  Mo    -0         0     0
 15  Cr     0.5       0.5   0.5",490.996,200.495,296.991
20,Zr2 Ta4 Cr1 W1 C8,"Full Formula (Zr2 Ta4 Cr1 W1 C8)
Reduced Formula: Zr2Ta4CrWC8
abc   :   8.926193   4.484303   4.483404
angles:  90.000000  90.000000  90.000000
pbc   :       True       True       True
Sites (16)
  #  SP           a     b     c
---  ----  --------  ----  ----
  0  C     0          0.5  -0
  1  C     0.5        0.5  -0
  2  C     0.25127   -0     0
  3  C     0.74873   -0    -0
  4  C     0         -0     0.5
  5  C     0.5       -0     0.5
  6  C     0.250423   0.5   0.5
  7  C     0.749577   0.5   0.5
  8  Ta    0.5       -0    -0
  9  Ta    0          0.5   0.5
 10  Ta    0.255418  -0     0.5
 11  Ta    0.744582  -0     0.5
 12  Zr    0.252776   0.5   0
 13  Zr    0.747224   0.5   0
 14  W     0         -0    -0
 15  Cr    0.5        0.5   0.5",495.565,202.012,302.069
21,Hf2 Ta4 Nb1 V1 C8,"Full Formula (Hf2 Ta4 Nb1 V1 C8)
Reduced Formula: Hf2Ta4NbVC8
abc   :   8.952354   4.495236   4.491929
angles:  90.000000  90.000000  90.000000
pbc   :       True       True       True
Sites (16)
  #  SP            a    b     c
---  ----  ---------  ---  ----
  0  C     -0         0.5  -0
  1  C      0.5       0.5  -0
  2  C      0.248823  0    -0
  3  C      0.751177  0     0
  4  C     -0         0     0.5
  5  C      0.5       0     0.5
  6  C      0.248135  0.5   0.5
  7  C      0.751865  0.5   0.5
  8  Ta     0.5       0    -0
  9  Ta    -0         0.5   0.5
 10  Ta     0.242821  0     0.5
 11  Ta     0.757179  0     0.5
 12  Hf     0.247011  0.5  -0
 13  Hf     0.752989  0.5   0
 14  V     -0         0    -0
 15  Nb     0.5       0.5   0.5",502.923,205.494,303.359
22,Hf2 Ta4 Ti1 V1 C8,"Full Formula (Hf2 Ta4 Ti1 V1 C8)
Reduced Formula: Hf2Ta4TiVC8
abc   :   8.937706   4.473091   4.475386
angles:  90.000000  90.000000  90.000000
pbc   :       True       True       True
Sites (16)
  #  SP           a     b     c
---  ----  --------  ----  ----
  0  C     0          0.5   0
  1  C     0.5        0.5   0
  2  C     0.248332  -0     0
  3  C     0.751668  -0     0
  4  C     0          0     0.5
  5  C     0.5        0     0.5
  6  C     0.25002    0.5   0.5
  7  C     0.74998    0.5   0.5
  8  Ta    0.5        0     0
  9  Ta    0          0.5   0.5
 10  Ta    0.244756  -0     0.5
 11  Ta    0.755244   0     0.5
 12  Hf    0.248121   0.5  -0
 13  Hf    0.751879   0.5  -0
 14  V     0          0     0
 15  Ti    0.5        0.5   0.5",477.405,193.63,297.759
23,Hf2 Ta4 V1 Mo1 C8,"Full Formula (Hf2 Ta4 V1 Mo1 C8)
Reduced Formula: Hf2Ta4VMoC8
abc   :   8.927615   4.476009   4.477473
angles:  90.000000  90.000000  90.000000
pbc   :       True       True       True
Sites (16)
  #  SP            a     b     c
---  ----  ---------  ----  ----
  0  C     -0          0.5  -0
  1  C      0.5        0.5  -0
  2  C      0.249236   0     0
  3  C      0.750764  -0     0
  4  C     -0          0     0.5
  5  C      0.5        0     0.5
  6  C      0.246297   0.5   0.5
  7  C      0.753703   0.5   0.5
  8  Ta     0.5       -0    -0
  9  Ta    -0          0.5   0.5
 10  Ta     0.24646   -0     0.5
 11  Ta     0.75354    0     0.5
 12  Hf     0.248794   0.5  -0
 13  Hf     0.751206   0.5  -0
 14  V     -0          0    -0
 15  Mo     0.5        0.5   0.5",500.281,203.435,308.342
24,Hf2 Ta4 V1 W1 C8,"Full Formula (Hf2 Ta4 V1 W1 C8)
Reduced Formula: Hf2Ta4VWC8
abc   :   8.919272   4.477218   4.474288
angles:  90.000000  90.000000  90.000000
pbc   :       True       True       True
Sites (16)
  #  SP           a     b     c
---  ----  --------  ----  ----
  0  C     0          0.5   0
  1  C     0.5        0.5   0
  2  C     0.249099  -0     0
  3  C     0.750901  -0    -0
  4  C     0         -0     0.5
  5  C     0.5       -0     0.5
  6  C     0.248975   0.5   0.5
  7  C     0.751025   0.5   0.5
  8  Ta    0.5       -0     0
  9  Ta    0          0.5   0.5
 10  Ta    0.244796  -0     0.5
 11  Ta    0.755204   0     0.5
 12  Hf    0.248043   0.5   0
 13  Hf    0.751957   0.5   0
 14  V     0         -0     0
 15  W     0.5        0.5   0.5",511.999,208.406,314.149
25,Hf2 Ta4 V1 Cr1 C8,"Full Formula (Hf2 Ta4 V1 Cr1 C8)
Reduced Formula: Hf2Ta4VCrC8
abc   :   8.860194   4.460679   4.460998
angles:  90.000000  90.000000  90.000000
pbc   :       True       True       True
Sites (16)
  #  SP           a     b     c
---  ----  --------  ----  ----
  0  C     0          0.5  -0
  1  C     0.5        0.5  -0
  2  C     0.248324   0     0
  3  C     0.751676   0     0
  4  C     0         -0     0.5
  5  C     0.5       -0     0.5
  6  C     0.250497   0.5   0.5
  7  C     0.749503   0.5   0.5
  8  Ta    0.5       -0    -0
  9  Ta    0          0.5   0.5
 10  Ta    0.251927   0     0.5
 11  Ta    0.748073  -0     0.5
 12  Hf    0.250796   0.5  -0
 13  Hf    0.749204   0.5  -0
 14  V     0         -0    -0
 15  Cr    0.5        0.5   0.5",476.001,192.514,300.817
26,Hf2 Ta4 Ti1 Nb1 C8,"Full Formula (Hf2 Ta4 Ti1 Nb1 C8)
Reduced Formula: Hf2Ta4TiNbC8
abc   :   8.987541   4.502947   4.507927
angles:  90.000000  90.000000  90.000000
pbc   :       True       True       True
Sites (16)
  #  SP            a     b     c
---  ----  ---------  ----  ----
  0  C     -0          0.5  -0
  1  C      0.5        0.5  -0
  2  C      0.251209  -0     0
  3  C      0.748791  -0     0
  4  C     -0         -0     0.5
  5  C      0.5       -0     0.5
  6  C      0.250446   0.5   0.5
  7  C      0.749554   0.5   0.5
  8  Ta     0.5       -0    -0
  9  Ta    -0          0.5   0.5
 10  Ta     0.252463  -0     0.5
 11  Ta     0.747537  -0     0.5
 12  Hf     0.251324   0.5  -0
 13  Hf     0.748676   0.5  -0
 14  Nb    -0         -0    -0
 15  Ti     0.5        0.5   0.5",494.962,201.674,302.319
27,Hf2 Ta4 Nb1 Mo1 C8,"Full Formula (Hf2 Ta4 Nb1 Mo1 C8)
Reduced Formula: Hf2Ta4NbMoC8
abc   :   8.996421   4.500918   4.504236
angles:  90.000000  90.000000  90.000000
pbc   :       True       True       True
Sites (16)
  #  SP           a     b     c
---  ----  --------  ----  ----
  0  C     0          0.5   0
  1  C     0.5        0.5   0
  2  C     0.252674  -0    -0
  3  C     0.747326   0     0
  4  C     0          0     0.5
  5  C     0.5        0     0.5
  6  C     0.24681    0.5   0.5
  7  C     0.75319    0.5   0.5
  8  Ta    0.5       -0     0
  9  Ta    0          0.5   0.5
 10  Ta    0.251315  -0     0.5
 11  Ta    0.748685  -0     0.5
 12  Hf    0.251429   0.5   0
 13  Hf    0.748571   0.5   0
 14  Nb    0          0     0
 15  Mo    0.5        0.5   0.5",503.803,204.62,312.226
28,Hf2 Ta4 Nb1 W1 C8,"Full Formula (Hf2 Ta4 Nb1 W1 C8)
Reduced Formula: Hf2Ta4NbWC8
abc   :   8.989450   4.500697   4.501164
angles:  90.000000  90.000000  90.000000
pbc   :       True       True       True
Sites (16)
  #  SP            a     b     c
---  ----  ---------  ----  ----
  0  C      0          0.5   0
  1  C      0.5        0.5   0
  2  C      0.25253    0     0
  3  C      0.74747    0    -0
  4  C     -0         -0     0.5
  5  C      0.5       -0     0.5
  6  C      0.24953    0.5   0.5
  7  C      0.75047    0.5   0.5
  8  Ta     0.5       -0     0
  9  Ta     0          0.5   0.5
 10  Ta     0.249929   0     0.5
 11  Ta     0.750071  -0     0.5
 12  Hf     0.250746   0.5   0
 13  Hf     0.749254   0.5   0
 14  Nb    -0         -0     0
 15  W      0.5        0.5   0.5",503.781,203.794,318.051
29,Hf2 Ta4 Nb1 Cr1 C8,"Full Formula (Hf2 Ta4 Nb1 Cr1 C8)
Reduced Formula: Hf2Ta4NbCrC8
abc   :   8.938215   4.489330   4.488934
angles:  90.000000  90.000000  90.000000
pbc   :       True       True       True
Sites (16)
  #  SP           a     b     c
---  ----  --------  ----  ----
  0  C     0          0.5   0
  1  C     0.5        0.5   0
  2  C     0.252205  -0    -0
  3  C     0.747795  -0    -0
  4  C     0         -0     0.5
  5  C     0.5       -0     0.5
  6  C     0.250604   0.5   0.5
  7  C     0.749396   0.5   0.5
  8  Ta    0.5        0     0
  9  Ta    0          0.5   0.5
 10  Ta    0.257363   0     0.5
 11  Ta    0.742637  -0     0.5
 12  Hf    0.253665   0.5   0
 13  Hf    0.746335   0.5   0
 14  Nb    0         -0     0
 15  Cr    0.5        0.5   0.5",488.727,198.492,302.916
30,Hf2 Ta4 Ti1 Mo1 C8,"Full Formula (Hf2 Ta4 Ti1 Mo1 C8)
Reduced Formula: Hf2Ta4TiMoC8
abc   :   8.978745   4.485077   4.486864
angles:  90.000000  90.000000  90.000000
pbc   :       True       True       True
Sites (16)
  #  SP            a     b     c
---  ----  ---------  ----  ----
  0  C     -0          0.5   0
  1  C      0.5        0.5   0
  2  C      0.250334   0     0
  3  C      0.749666  -0    -0
  4  C     -0         -0     0.5
  5  C      0.5       -0     0.5
  6  C      0.246975   0.5   0.5
  7  C      0.753025   0.5   0.5
  8  Ta     0.5       -0     0
  9  Ta    -0          0.5   0.5
 10  Ta     0.250837   0     0.5
 11  Ta     0.749163   0     0.5
 12  Hf     0.250422   0.5   0
 13  Hf     0.749578   0.5   0
 14  Ti     0         -0     0
 15  Mo     0.5        0.5   0.5",497.996,202.568,306.505
31,Hf2 Ta4 Ti1 W1 C8,"Full Formula (Hf2 Ta4 Ti1 W1 C8)
Reduced Formula: Hf2Ta4TiWC8
abc   :   8.967983   4.485672   4.484857
angles:  90.000000  90.000000  90.000000
pbc   :       True       True       True
Sites (16)
  #  SP           a     b     c
---  ----  --------  ----  ----
  0  C     0          0.5   0
  1  C     0.5        0.5   0
  2  C     0.250229   0    -0
  3  C     0.749771   0    -0
  4  C     0          0     0.5
  5  C     0.5        0     0.5
  6  C     0.249766   0.5   0.5
  7  C     0.750234   0.5   0.5
  8  Ta    0.5       -0     0
  9  Ta    0          0.5   0.5
 10  Ta    0.24893   -0     0.5
 11  Ta    0.75107   -0     0.5
 12  Hf    0.249646   0.5   0
 13  Hf    0.750354   0.5   0
 14  Ti    0          0     0
 15  W     0.5        0.5   0.5",504.595,205.093,311.666
32,Hf2 Ta4 Ti1 Cr1 C8,"Full Formula (Hf2 Ta4 Ti1 Cr1 C8)
Reduced Formula: Hf2Ta4TiCrC8
abc   :   8.928804   4.469656   4.466951
angles:  90.000000  90.000000  90.000000
pbc   :       True       True       True
Sites (16)
  #  SP           a     b     c
---  ----  --------  ----  ----
  0  C     0          0.5   0
  1  C     0.5        0.5   0
  2  C     0.250335  -0    -0
  3  C     0.749665  -0    -0
  4  C     0         -0     0.5
  5  C     0.5       -0     0.5
  6  C     0.250935   0.5   0.5
  7  C     0.749065   0.5   0.5
  8  Ta    0.5       -0     0
  9  Ta    0          0.5   0.5
 10  Ta    0.256067  -0     0.5
 11  Ta    0.743933  -0     0.5
 12  Hf    0.252619   0.5   0
 13  Hf    0.747381   0.5   0
 14  Ti    0         -0     0
 15  Cr    0.5        0.5   0.5",481.075,195.506,297.328
33,Hf2 Ta4 Mo1 W1 C8,"Full Formula (Hf2 Ta4 Mo1 W1 C8)
Reduced Formula: Hf2Ta4MoWC8
abc   :   8.973209   4.483652   4.483832
angles:  90.000000  90.000000  90.000000
pbc   :       True       True       True
Sites (16)
  #  SP           a     b     c
---  ----  --------  ----  ----
  0  C     0          0.5  -0
  1  C     0.5        0.5  -0
  2  C     0.253257   0     0
  3  C     0.746743   0     0
  4  C     0          0     0.5
  5  C     0.5        0     0.5
  6  C     0.24864    0.5   0.5
  7  C     0.75136    0.5   0.5
  8  Ta    0.5       -0    -0
  9  Ta    0          0.5   0.5
 10  Ta    0.249363   0     0.5
 11  Ta    0.750637   0     0.5
 12  Hf    0.249427   0.5  -0
 13  Hf    0.750573   0.5  -0
 14  Mo    0          0    -0
 15  W     0.5        0.5   0.5",542.572,222.606,321.448
34,Hf2 Ta4 Cr1 Mo1 C8,"Full Formula (Hf2 Ta4 Cr1 Mo1 C8)
Reduced Formula: Hf2Ta4CrMoC8
abc   :   8.915044   4.472929   4.470564
angles:  90.000000  90.000000  90.000000
pbc   :       True       True       True
Sites (16)
  #  SP            a     b     c
---  ----  ---------  ----  ----
  0  C     -0          0.5  -0
  1  C      0.5        0.5  -0
  2  C      0.253829  -0     0
  3  C      0.746171  -0     0
  4  C     -0         -0     0.5
  5  C      0.5       -0     0.5
  6  C      0.250299   0.5   0.5
  7  C      0.749701   0.5   0.5
  8  Ta     0.5       -0    -0
  9  Ta    -0          0.5   0.5
 10  Ta     0.25416   -0     0.5
 11  Ta     0.74584   -0     0.5
 12  Hf     0.251994   0.5  -0
 13  Hf     0.748006   0.5  -0
 14  Mo    -0         -0    -0
 15  Cr     0.5        0.5   0.5",507.254,206.959,307.977
35,Hf2 Ta4 Cr1 W1 C8,"Full Formula (Hf2 Ta4 Cr1 W1 C8)
Reduced Formula: Hf2Ta4CrWC8
abc   :   8.906970   4.470819   4.470653
angles:  90.000000  90.000000  90.000000
pbc   :       True       True       True
Sites (16)
  #  SP           a    b     c
---  ----  --------  ---  ----
  0  C     0         0.5   0
  1  C     0.5       0.5   0
  2  C     0.251387  0     0
  3  C     0.748613  0    -0
  4  C     0         0     0.5
  5  C     0.5       0     0.5
  6  C     0.250714  0.5   0.5
  7  C     0.749286  0.5   0.5
  8  Ta    0.5       0     0
  9  Ta    0         0.5   0.5
 10  Ta    0.255093  0     0.5
 11  Ta    0.744907  0     0.5
 12  Hf    0.25269   0.5   0
 13  Hf    0.74731   0.5   0
 14  W     0         0     0
 15  Cr    0.5       0.5   0.5",513.801,209.465,313.056
36,Ta4 Ti1 Nb1 V2 C8,"Full Formula (Ta4 Ti1 Nb1 V2 C8)
Reduced Formula: Ta4TiNb(VC4)2
abc   :   8.774001   4.401047   4.409891
angles:  90.000000  90.000000  90.000000
pbc   :       True       True       True
Sites (16)
  #  SP            a    b     c
---  ----  ---------  ---  ----
  0  C     -0         0.5  -0
  1  C      0.5       0.5  -0
  2  C      0.250894  0    -0
  3  C      0.749106  0     0
  4  C     -0         0     0.5
  5  C      0.5       0     0.5
  6  C      0.25247   0.5   0.5
  7  C      0.74753   0.5   0.5
  8  Ta     0.5       0    -0
  9  Ta     0         0.5   0.5
 10  Ta     0.252267  0     0.5
 11  Ta     0.747733  0     0.5
 12  V      0.260438  0.5   0
 13  V      0.739562  0.5   0
 14  Nb    -0         0    -0
 15  Ti     0.5       0.5   0.5",532.498,219.327,310.242
37,Ta4 Nb1 V2 Mo1 C8,"Full Formula (Ta4 Nb1 V2 Mo1 C8)
Reduced Formula: Ta4NbV2MoC8
abc   :   8.806852   4.399482   4.404176
angles:  90.000000  90.000000  90.000000
pbc   :       True       True       True
Sites (16)
  #  SP           a    b     c
---  ----  --------  ---  ----
  0  C     0         0.5  -0
  1  C     0.5       0.5  -0
  2  C     0.25188   0     0
  3  C     0.74812   0     0
  4  C     0         0     0.5
  5  C     0.5       0     0.5
  6  C     0.249454  0.5   0.5
  7  C     0.750546  0.5   0.5
  8  Ta    0.5       0    -0
  9  Ta    0         0.5   0.5
 10  Ta    0.250913  0     0.5
 11  Ta    0.749087  0     0.5
 12  V     0.250626  0.5   0
 13  V     0.749374  0.5   0
 14  Nb    0         0    -0
 15  Mo    0.5       0.5   0.5",542.19,221.92,324.571
38,Ta4 Nb1 V2 W1 C8,"Full Formula (Ta4 Nb1 V2 W1 C8)
Reduced Formula: Ta4NbV2WC8
abc   :   8.805213   4.399415   4.401794
angles:  90.000000  90.000000  90.000000
pbc   :       True       True       True
Sites (16)
  #  SP            a     b     c
---  ----  ---------  ----  ----
  0  C     -0          0.5  -0
  1  C      0.5        0.5  -0
  2  C      0.251472  -0     0
  3  C      0.748528   0     0
  4  C     -0         -0     0.5
  5  C      0.5        0     0.5
  6  C      0.250929   0.5   0.5
  7  C      0.749071   0.5   0.5
  8  Ta     0.5        0    -0
  9  Ta    -0          0.5   0.5
 10  Ta     0.25011   -0     0.5
 11  Ta     0.74989    0     0.5
 12  V      0.249477   0.5  -0
 13  V      0.750523   0.5   0
 14  Nb    -0          0    -0
 15  W      0.5        0.5   0.5",553.556,226.821,329.791
39,Ta4 Nb1 V2 Cr1 C8,"Full Formula (Ta4 Nb1 V2 Cr1 C8)
Reduced Formula: Ta4NbV2CrC8
abc   :   8.732667   4.375554   4.389041
angles:  90.000000  90.000000  90.000000
pbc   :       True       True       True
Sites (16)
  #  SP            a     b     c
---  ----  ---------  ----  ----
  0  C     -0          0.5   0
  1  C      0.5        0.5   0
  2  C      0.252259  -0    -0
  3  C      0.747741  -0    -0
  4  C     -0         -0     0.5
  5  C      0.5       -0     0.5
  6  C      0.255513   0.5   0.5
  7  C      0.744487   0.5   0.5
  8  Ta     0.5       -0     0
  9  Ta    -0          0.5   0.5
 10  Ta     0.254252  -0     0.5
 11  Ta     0.745748  -0     0.5
 12  V      0.259685   0.5   0
 13  V      0.740315   0.5  -0
 14  Nb    -0         -0     0
 15  Cr     0.5        0.5   0.5",503.005,203.99,313.885
40,Ta4 Ti1 V2 Mo1 C8,"Full Formula (Ta4 Ti1 V2 Mo1 C8)
Reduced Formula: Ta4TiV2MoC8
abc   :   8.766053   4.384783   4.382106
angles:  90.000000  90.000000  90.000000
pbc   :       True       True       True
Sites (16)
  #  SP            a     b     c
---  ----  ---------  ----  ----
  0  C     -0          0.5  -0
  1  C      0.5        0.5  -0
  2  C      0.248306   0    -0
  3  C      0.751694   0    -0
  4  C     -0          0     0.5
  5  C      0.5        0     0.5
  6  C      0.248892   0.5   0.5
  7  C      0.751108   0.5   0.5
  8  Ta     0.5       -0    -0
  9  Ta    -0          0.5   0.5
 10  Ta     0.249548  -0     0.5
 11  Ta     0.750452   0     0.5
 12  V      0.244772   0.5  -0
 13  V      0.755228   0.5   0
 14  Ti    -0          0    -0
 15  Mo     0.5        0.5   0.5",532.966,217.936,320.4
41,Ta4 Ti1 V2 W1 C8,"Full Formula (Ta4 Ti1 V2 W1 C8)
Reduced Formula: Ta4TiV2WC8
abc   :   8.763291   4.385444   4.380477
angles:  90.000000  90.000000  90.000000
pbc   :       True       True       True
Sites (16)
  #  SP            a    b     c
---  ----  ---------  ---  ----
  0  C      0         0.5   0
  1  C      0.5       0.5   0
  2  C      0.247907  0    -0
  3  C      0.752093  0    -0
  4  C     -0         0     0.5
  5  C      0.5       0     0.5
  6  C      0.250364  0.5   0.5
  7  C      0.749636  0.5   0.5
  8  Ta     0.5       0     0
  9  Ta    -0         0.5   0.5
 10  Ta     0.248852  0     0.5
 11  Ta     0.751148  0     0.5
 12  V      0.243042  0.5   0
 13  V      0.756958  0.5  -0
 14  Ti     0         0     0
 15  W      0.5       0.5   0.5",552.405,226.899,325.665
42,Ta4 Ti1 V2 Cr1 C8,"Full Formula (Ta4 Ti1 V2 Cr1 C8)
Reduced Formula: Ta4TiV2CrC8
abc   :   8.692470   4.360241   4.361436
angles:  90.000000  90.000000  90.000000
pbc   :       True       True       True
Sites (16)
  #  SP           a     b     c
---  ----  --------  ----  ----
  0  C     0          0.5   0
  1  C     0.5        0.5   0
  2  C     0.248979   0     0
  3  C     0.751021   0     0
  4  C     0         -0     0.5
  5  C     0.5       -0     0.5
  6  C     0.255001   0.5   0.5
  7  C     0.744999   0.5   0.5
  8  Ta    0.5       -0     0
  9  Ta    0          0.5   0.5
 10  Ta    0.252851  -0     0.5
 11  Ta    0.747149  -0     0.5
 12  V     0.257947   0.5  -0
 13  V     0.742053   0.5  -0
 14  Ti    0         -0     0
 15  Cr    0.5        0.5   0.5",488.649,197.43,310.282
43,Ta4 V2 Mo1 W1 C8,"Full Formula (Ta4 V2 Mo1 W1 C8)
Reduced Formula: Ta4V2MoWC8
abc   :   8.784992   4.385881   4.383622
angles:  90.000000  90.000000  90.000000
pbc   :       True       True       True
Sites (16)
  #  SP            a     b     c
---  ----  ---------  ----  ----
  0  C     -0          0.5   0
  1  C      0.5        0.5   0
  2  C      0.250906  -0     0
  3  C      0.749094  -0    -0
  4  C     -0         -0     0.5
  5  C      0.5       -0     0.5
  6  C      0.250078   0.5   0.5
  7  C      0.749922   0.5   0.5
  8  Ta     0.5       -0     0
  9  Ta    -0          0.5   0.5
 10  Ta     0.249285   0     0.5
 11  Ta     0.750715   0     0.5
 12  V      0.248465   0.5   0
 13  V      0.751535   0.5  -0
 14  Mo    -0         -0     0
 15  W      0.5        0.5   0.5",533.462,216.012,335.256
44,Ta4 V2 Cr1 Mo1 C8,"Full Formula (Ta4 V2 Cr1 Mo1 C8)
Reduced Formula: Ta4V2CrMoC8
abc   :   8.708573   4.360501   4.367681
angles:  90.000000  90.000000  90.000000
pbc   :       True       True       True
Sites (16)
  #  SP            a     b     c
---  ----  ---------  ----  ----
  0  C     -0          0.5   0
  1  C      0.5        0.5   0
  2  C      0.251879  -0     0
  3  C      0.748121  -0     0
  4  C     -0         -0     0.5
  5  C      0.5       -0     0.5
  6  C      0.254896   0.5   0.5
  7  C      0.745104   0.5   0.5
  8  Ta     0.5       -0     0
  9  Ta    -0          0.5   0.5
 10  Ta     0.252922  -0     0.5
 11  Ta     0.747078  -0     0.5
 12  V      0.257113   0.5   0
 13  V      0.742887   0.5  -0
 14  Mo    -0         -0     0
 15  Cr     0.5        0.5   0.5",513.701,207.946,323.299
45,Ta4 V2 Cr1 W1 C8,"Full Formula (Ta4 V2 Cr1 W1 C8)
Reduced Formula: Ta4V2CrWC8
abc   :   8.706516   4.359452   4.369041
angles:  90.000000  90.000000  90.000000
pbc   :       True       True       True
Sites (16)
  #  SP           a     b     c
---  ----  --------  ----  ----
  0  C     0          0.5  -0
  1  C     0.5        0.5  -0
  2  C     0.250473  -0    -0
  3  C     0.749527  -0    -0
  4  C     0          0     0.5
  5  C     0.5        0     0.5
  6  C     0.255405   0.5   0.5
  7  C     0.744595   0.5   0.5
  8  Ta    0.5        0    -0
  9  Ta    0          0.5   0.5
 10  Ta    0.25358    0     0.5
 11  Ta    0.74642    0     0.5
 12  V     0.258661   0.5  -0
 13  V     0.741339   0.5  -0
 14  W     0          0    -0
 15  Cr    0.5        0.5   0.5",522.686,211.747,327.768
46,Ta4 Ti1 Nb2 Mo1 C8,"Full Formula (Ta4 Ti1 Nb2 Mo1 C8)
Reduced Formula: Ta4TiNb2MoC8
abc   :   8.893733   4.448980   4.448145
angles:  90.000000  90.000000  90.000000
pbc   :       True       True       True
Sites (16)
  #  SP            a     b     c
---  ----  ---------  ----  ----
  0  C     -0          0.5   0
  1  C      0.5        0.5   0
  2  C      0.248686  -0    -0
  3  C      0.751314  -0    -0
  4  C     -0         -0     0.5
  5  C      0.5       -0     0.5
  6  C      0.2486     0.5   0.5
  7  C      0.7514     0.5   0.5
  8  Ta     0.5       -0     0
  9  Ta    -0          0.5   0.5
 10  Ta     0.248698  -0     0.5
 11  Ta     0.751302  -0     0.5
 12  Nb     0.247812   0.5   0
 13  Nb     0.752188   0.5  -0
 14  Ti    -0         -0     0
 15  Mo     0.5        0.5   0.5",536.353,219.572,320.82
47,Ta4 Ti1 Nb2 W1 C8,"Full Formula (Ta4 Ti1 Nb2 W1 C8)
Reduced Formula: Ta4TiNb2WC8
abc   :   8.891461   4.447333   4.445989
angles:  90.000000  90.000000  90.000000
pbc   :       True       True       True
Sites (16)
  #  SP            a     b     c
---  ----  ---------  ----  ----
  0  C     -0          0.5   0
  1  C      0.5        0.5   0
  2  C      0.24821   -0     0
  3  C      0.75179   -0    -0
  4  C     -0          0     0.5
  5  C      0.5        0     0.5
  6  C      0.25034    0.5   0.5
  7  C      0.74966    0.5   0.5
  8  Ta     0.5        0     0
  9  Ta    -0          0.5   0.5
 10  Ta     0.247644   0     0.5
 11  Ta     0.752356   0     0.5
 12  Nb     0.246685   0.5   0
 13  Nb     0.753315   0.5   0
 14  Ti    -0          0     0
 15  W      0.5        0.5   0.5",560.609,231.023,325.919
48,Ta4 Ti1 Nb2 Cr1 C8,"Full Formula (Ta4 Ti1 Nb2 Cr1 C8)
Reduced Formula: Ta4TiNb2CrC8
abc   :   8.822845   4.432399   4.431019
angles:  90.000000  90.000000  90.000000
pbc   :       True       True       True
Sites (16)
  #  SP            a     b     c
---  ----  ---------  ----  ----
  0  C     -0          0.5   0
  1  C      0.5        0.5   0
  2  C      0.248644  -0     0
  3  C      0.751356  -0     0
  4  C     -0         -0     0.5
  5  C      0.5       -0     0.5
  6  C      0.253741   0.5   0.5
  7  C      0.746259   0.5   0.5
  8  Ta     0.5       -0     0
  9  Ta    -0          0.5   0.5
 10  Ta     0.25297   -0     0.5
 11  Ta     0.74703   -0     0.5
 12  Nb     0.252927   0.5  -0
 13  Nb     0.747073   0.5  -0
 14  Ti    -0         -0     0
 15  Cr     0.5        0.5   0.5",494.456,199.8,313.79
49,Ta4 Nb2 Mo1 W1 C8,"Full Formula (Ta4 Nb2 Mo1 W1 C8)
Reduced Formula: Ta4Nb2MoWC8
abc   :   8.918918   4.446107   4.445948
angles:  90.000000  90.000000  90.000000
pbc   :       True       True       True
Sites (16)
  #  SP            a     b     c
---  ----  ---------  ----  ----
  0  C     -0          0.5  -0
  1  C      0.5        0.5  -0
  2  C      0.251633  -0    -0
  3  C      0.748367  -0    -0
  4  C     -0         -0     0.5
  5  C      0.5       -0     0.5
  6  C      0.249442   0.5   0.5
  7  C      0.750558   0.5   0.5
  8  Ta     0.5       -0    -0
  9  Ta    -0          0.5   0.5
 10  Ta     0.248914  -0     0.5
 11  Ta     0.751086  -0     0.5
 12  Nb     0.249022   0.5   0
 13  Nb     0.750978   0.5   0
 14  Mo    -0         -0    -0
 15  W      0.5        0.5   0.5",516.028,207.747,333.299
50,Ta4 Nb2 Cr1 Mo1 C8,"Full Formula (Ta4 Nb2 Cr1 Mo1 C8)
Reduced Formula: Ta4Nb2CrMoC8
abc   :   8.842818   4.433068   4.432287
angles:  90.000000  90.000000  90.000000
pbc   :       True       True       True
Sites (16)
  #  SP           a     b     c
---  ----  --------  ----  ----
  0  C     0          0.5  -0
  1  C     0.5        0.5  -0
  2  C     0.252482   0     0
  3  C     0.747518   0    -0
  4  C     0         -0     0.5
  5  C     0.5       -0     0.5
  6  C     0.253585   0.5   0.5
  7  C     0.746415   0.5   0.5
  8  Ta    0.5       -0    -0
  9  Ta    0          0.5   0.5
 10  Ta    0.253839  -0     0.5
 11  Ta    0.746161  -0     0.5
 12  Nb    0.254048   0.5  -0
 13  Nb    0.745952   0.5   0
 14  Mo    0         -0    -0
 15  Cr    0.5        0.5   0.5",496.692,199.846,321.72
51,Ta4 Nb2 Cr1 W1 C8,"Full Formula (Ta4 Nb2 Cr1 W1 C8)
Reduced Formula: Ta4Nb2CrWC8
abc   :   8.841239   4.431085   4.430979
angles:  90.000000  90.000000  90.000000
pbc   :       True       True       True
Sites (16)
  #  SP            a    b     c
---  ----  ---------  ---  ----
  0  C     -0         0.5  -0
  1  C      0.5       0.5  -0
  2  C      0.250727  0    -0
  3  C      0.749273  0    -0
  4  C     -0         0     0.5
  5  C      0.5       0     0.5
  6  C      0.254227  0.5   0.5
  7  C      0.745773  0.5   0.5
  8  Ta     0.5       0    -0
  9  Ta    -0         0.5   0.5
 10  Ta     0.254921  0     0.5
 11  Ta     0.745079  0     0.5
 12  Nb     0.255062  0.5  -0
 13  Nb     0.744938  0.5   0
 14  W     -0         0    -0
 15  Cr     0.5       0.5   0.5",509.967,205.643,326.82
52,Ta4 Ti2 Mo1 W1 C8,"Full Formula (Ta4 Ti2 Mo1 W1 C8)
Reduced Formula: Ta4Ti2MoWC8
abc   :   8.834581   4.413803   4.413012
angles:  90.000000  90.000000  90.000000
pbc   :       True       True       True
Sites (16)
  #  SP            a    b     c
---  ----  ---------  ---  ----
  0  C     -0         0.5  -0
  1  C      0.5       0.5  -0
  2  C      0.251889  0     0
  3  C      0.748111  0    -0
  4  C     -0         0     0.5
  5  C      0.5       0     0.5
  6  C      0.249478  0.5   0.5
  7  C      0.750522  0.5   0.5
  8  Ta     0.5       0    -0
  9  Ta    -0         0.5   0.5
 10  Ta     0.24943   0     0.5
 11  Ta     0.75057   0     0.5
 12  Ti     0.249244  0.5   0
 13  Ti     0.750756  0.5  -0
 14  Mo    -0         0    -0
 15  W      0.5       0.5   0.5",562.887,231.688,328.89
53,Ta4 Ti2 Cr1 Mo1 C8,"Full Formula (Ta4 Ti2 Cr1 Mo1 C8)
Reduced Formula: Ta4Ti2CrMoC8
abc   :   8.762035   4.394948   4.398704
angles:  90.000000  90.000000  90.000000
pbc   :       True       True       True
Sites (16)
  #  SP           a    b     c
---  ----  --------  ---  ----
  0  C     0         0.5  -0
  1  C     0.5       0.5  -0
  2  C     0.252492  0     0
  3  C     0.747508  0     0
  4  C     0         0     0.5
  5  C     0.5       0     0.5
  6  C     0.25253   0.5   0.5
  7  C     0.74747   0.5   0.5
  8  Ta    0.5       0    -0
  9  Ta    0         0.5   0.5
 10  Ta    0.253135  0     0.5
 11  Ta    0.746865  0     0.5
 12  Ti    0.253404  0.5   0
 13  Ti    0.746596  0.5   0
 14  Mo    0         0    -0
 15  Cr    0.5       0.5   0.5",513.95,209.021,316.579
54,Ta4 Ti2 Cr1 W1 C8,"Full Formula (Ta4 Ti2 Cr1 W1 C8)
Reduced Formula: Ta4Ti2CrWC8
abc   :   8.756515   4.393696   4.399570
angles:  90.000000  90.000000  90.000000
pbc   :       True       True       True
Sites (16)
  #  SP           a     b     c
---  ----  --------  ----  ----
  0  C     0          0.5   0
  1  C     0.5        0.5   0
  2  C     0.250506  -0    -0
  3  C     0.749494   0     0
  4  C     0          0     0.5
  5  C     0.5        0     0.5
  6  C     0.252963   0.5   0.5
  7  C     0.747037   0.5   0.5
  8  Ta    0.5        0     0
  9  Ta    0          0.5   0.5
 10  Ta    0.253978   0     0.5
 11  Ta    0.746022   0     0.5
 12  Ti    0.254852   0.5  -0
 13  Ti    0.745148   0.5   0
 14  W     0          0     0
 15  Cr    0.5        0.5   0.5",522.791,212.671,321.644
55,Ta4 Cr1 Mo2 W1 C8,"Full Formula (Ta4 Cr1 Mo2 W1 C8)
Reduced Formula: Ta4CrMo2WC8
abc   :   8.801519   4.410810   4.396886
angles:  90.000000  90.000000  90.000000
pbc   :       True       True       True
Sites (16)
  #  SP           a     b     c
---  ----  --------  ----  ----
  0  C     0          0.5  -0
  1  C     0.5        0.5  -0
  2  C     0.249631  -0     0
  3  C     0.750369  -0     0
  4  C     0          0     0.5
  5  C     0.5        0     0.5
  6  C     0.255499   0.5   0.5
  7  C     0.744501   0.5   0.5
  8  Ta    0.5        0    -0
  9  Ta    0          0.5   0.5
 10  Ta    0.253612   0     0.5
 11  Ta    0.746388   0     0.5
 12  Mo    0.262198   0.5  -0
 13  Mo    0.737802   0.5  -0
 14  W     0          0    -0
 15  Cr    0.5        0.5   0.5",455.83,179.058,334.468
56,Hf2 Zr4 Nb1 V1 C8,"Full Formula (Hf2 Zr4 Nb1 V1 C8)
Reduced Formula: Hf2Zr4NbVC8
abc   :   9.192594   4.609907   4.607251
angles:  90.000000  90.000000  90.000000
pbc   :       True       True       True
Sites (16)
  #  SP            a     b     c
---  ----  ---------  ----  ----
  0  C     -0          0.5  -0
  1  C      0.5        0.5  -0
  2  C      0.241553  -0    -0
  3  C      0.758447  -0    -0
  4  C     -0         -0     0.5
  5  C      0.5       -0     0.5
  6  C      0.25237    0.5   0.5
  7  C      0.74763    0.5   0.5
  8  Zr     0.5       -0    -0
  9  Zr    -0          0.5   0.5
 10  Zr     0.24732   -0     0.5
 11  Zr     0.75268   -0     0.5
 12  Hf     0.247218   0.5   0
 13  Hf     0.752782   0.5  -0
 14  V     -0         -0    -0
 15  Nb     0.5        0.5   0.5",440.598,183.627,244.538
57,Hf2 Zr4 Ti1 V1 C8,"Full Formula (Hf2 Zr4 Ti1 V1 C8)
Reduced Formula: Hf2Zr4TiVC8
abc   :   9.152256   4.602745   4.601258
angles:  90.000000  90.000000  90.000000
pbc   :       True       True       True
Sites (16)
  #  SP            a     b     c
---  ----  ---------  ----  ----
  0  C     -0          0.5   0
  1  C      0.5        0.5   0
  2  C      0.2403     0    -0
  3  C      0.7597     0    -0
  4  C      0          0     0.5
  5  C      0.5        0     0.5
  6  C      0.253668   0.5   0.5
  7  C      0.746332   0.5   0.5
  8  Zr     0.5        0     0
  9  Zr    -0          0.5   0.5
 10  Zr     0.249264  -0     0.5
 11  Zr     0.750736  -0     0.5
 12  Hf     0.249375   0.5   0
 13  Hf     0.750625   0.5   0
 14  V     -0          0     0
 15  Ti     0.5        0.5   0.5",397.007,162.539,237.39
58,Hf2 Zr4 V1 Mo1 C8,"Full Formula (Hf2 Zr4 V1 Mo1 C8)
Reduced Formula: Hf2Zr4VMoC8
abc   :   9.155644   4.591959   4.591564
angles:  90.000000  90.000000  90.000000
pbc   :       True       True       True
Sites (16)
  #  SP            a    b     c
---  ----  ---------  ---  ----
  0  C     -0         0.5   0
  1  C      0.5       0.5   0
  2  C      0.24431   0     0
  3  C      0.75569   0    -0
  4  C     -0         0     0.5
  5  C      0.5       0     0.5
  6  C      0.252848  0.5   0.5
  7  C      0.747152  0.5   0.5
  8  Zr     0.5       0     0
  9  Zr    -0         0.5   0.5
 10  Zr     0.248671  0     0.5
 11  Zr     0.751329  0     0.5
 12  Hf     0.248543  0.5   0
 13  Hf     0.751457  0.5   0
 14  V      0         0     0
 15  Mo     0.5       0.5   0.5",415.775,170.417,247.376
59,Hf2 Zr4 V1 W1 C8,"Full Formula (Hf2 Zr4 V1 W1 C8)
Reduced Formula: Hf2Zr4VWC8
abc   :   9.145361   4.590006   4.588185
angles:  90.000000  90.000000  90.000000
pbc   :       True       True       True
Sites (16)
  #  SP            a     b     c
---  ----  ---------  ----  ----
  0  C     -0          0.5   0
  1  C      0.5        0.5   0
  2  C      0.244325  -0    -0
  3  C      0.755675  -0     0
  4  C     -0         -0     0.5
  5  C      0.5       -0     0.5
  6  C      0.255891   0.5   0.5
  7  C      0.744109   0.5   0.5
  8  Zr     0.5       -0     0
  9  Zr    -0          0.5   0.5
 10  Zr     0.248296  -0     0.5
 11  Zr     0.751704  -0     0.5
 12  Hf     0.248221   0.5   0
 13  Hf     0.751779   0.5   0
 14  V     -0         -0     0
 15  W      0.5        0.5   0.5",429.935,176.712,252.742
60,Hf2 Zr4 V1 Cr1 C8,"Full Formula (Hf2 Zr4 V1 Cr1 C8)
Reduced Formula: Hf2Zr4VCrC8
abc   :   9.092643   4.579769   4.583129
angles:  90.000000  90.000000  90.000000
pbc   :       True       True       True
Sites (16)
  #  SP           a     b    c
---  ----  --------  ----  ---
  0  C     0          0.5  0
  1  C     0.5        0.5  0
  2  C     0.244082   0    0
  3  C     0.755918   0    0
  4  C     0          0    0.5
  5  C     0.5        0    0.5
  6  C     0.256615   0.5  0.5
  7  C     0.743385   0.5  0.5
  8  Zr    0.5        0    0
  9  Zr    0          0.5  0.5
 10  Zr    0.250549  -0    0.5
 11  Zr    0.749451  -0    0.5
 12  Hf    0.25051    0.5  0
 13  Hf    0.74949    0.5  0
 14  V     0          0    0
 15  Cr    0.5        0.5  0.5",388.311,158.182,237.429
61,Hf2 Zr4 Ti1 Nb1 C8,"Full Formula (Hf2 Zr4 Ti1 Nb1 C8)
Reduced Formula: Hf2Zr4TiNbC8
abc   :   9.233293   4.624881   4.626449
angles:  90.000000  90.000000  90.000000
pbc   :       True       True       True
Sites (16)
  #  SP           a    b     c
---  ----  --------  ---  ----
  0  C     0         0.5   0
  1  C     0.5       0.5   0
  2  C     0.245665  0    -0
  3  C     0.754335  0    -0
  4  C     0         0     0.5
  5  C     0.5       0     0.5
  6  C     0.2551    0.5   0.5
  7  C     0.7449    0.5   0.5
  8  Zr    0.5       0     0
  9  Zr    0         0.5   0.5
 10  Zr    0.251948  0     0.5
 11  Zr    0.748052  0     0.5
 12  Hf    0.252106  0.5   0
 13  Hf    0.747894  0.5   0
 14  Nb    0         0     0
 15  Ti    0.5       0.5   0.5",405.705,166.085,242.683
62,Hf2 Zr4 Nb1 Mo1 C8,"Full Formula (Hf2 Zr4 Nb1 Mo1 C8)
Reduced Formula: Hf2Zr4NbMoC8
abc   :   9.226655   4.614678   4.617484
angles:  90.000000  90.000000  90.000000
pbc   :       True       True       True
Sites (16)
  #  SP            a     b     c
---  ----  ---------  ----  ----
  0  C     -0          0.5  -0
  1  C      0.5        0.5  -0
  2  C      0.248153   0    -0
  3  C      0.751847   0     0
  4  C     -0          0     0.5
  5  C      0.5       -0     0.5
  6  C      0.254083   0.5   0.5
  7  C      0.745917   0.5   0.5
  8  Zr     0.5        0    -0
  9  Zr    -0          0.5   0.5
 10  Zr     0.251544   0     0.5
 11  Zr     0.748456  -0     0.5
 12  Hf     0.251587   0.5  -0
 13  Hf     0.748413   0.5  -0
 14  Nb    -0         -0    -0
 15  Mo     0.5        0.5   0.5",437.235,180.45,252.605
63,Hf2 Zr4 Nb1 W1 C8,"Full Formula (Hf2 Zr4 Nb1 W1 C8)
Reduced Formula: Hf2Zr4NbWC8
abc   :   9.216766   4.612338   4.613374
angles:  90.000000  90.000000  90.000000
pbc   :       True       True       True
Sites (16)
  #  SP           a    b     c
---  ----  --------  ---  ----
  0  C     0         0.5  -0
  1  C     0.5       0.5  -0
  2  C     0.248181  0     0
  3  C     0.751819  0     0
  4  C     0         0     0.5
  5  C     0.5       0     0.5
  6  C     0.257355  0.5   0.5
  7  C     0.742645  0.5   0.5
  8  Zr    0.5       0    -0
  9  Zr    0         0.5   0.5
 10  Zr    0.251227  0     0.5
 11  Zr    0.748773  0     0.5
 12  Hf    0.251325  0.5  -0
 13  Hf    0.748675  0.5  -0
 14  Nb    0         0    -0
 15  W     0.5       0.5   0.5",454.266,188.256,257.966
64,Hf2 Zr4 Nb1 Cr1 C8,"Full Formula (Hf2 Zr4 Nb1 Cr1 C8)
Reduced Formula: Hf2Zr4NbCrC8
abc   :   9.177606   4.603036   4.608981
angles:  90.000000  90.000000  90.000000
pbc   :       True       True       True
Sites (16)
  #  SP            a    b     c
---  ----  ---------  ---  ----
  0  C     -0         0.5  -0
  1  C      0.5       0.5  -0
  2  C      0.24859   0     0
  3  C      0.75141   0     0
  4  C     -0         0     0.5
  5  C      0.5       0     0.5
  6  C      0.257652  0.5   0.5
  7  C      0.742348  0.5   0.5
  8  Zr     0.5       0    -0
  9  Zr    -0         0.5   0.5
 10  Zr     0.25326   0     0.5
 11  Zr     0.74674   0     0.5
 12  Hf     0.253338  0.5  -0
 13  Hf     0.746662  0.5  -0
 14  Nb    -0         0    -0
 15  Cr     0.5       0.5   0.5",411.231,168.835,242.913
65,Hf2 Zr4 Ti1 W1 C8,"Full Formula (Hf2 Zr4 Ti1 W1 C8)
Reduced Formula: Hf2Zr4TiWC8
abc   :   9.169718   4.610162   4.608860
angles:  90.000000  90.000000  90.000000
pbc   :       True       True       True
Sites (16)
  #  SP           a     b     c
---  ----  --------  ----  ----
  0  C     0          0.5   0
  1  C     0.5        0.5   0
  2  C     0.246794  -0    -0
  3  C     0.753206   0    -0
  4  C     0          0     0.5
  5  C     0.5        0     0.5
  6  C     0.258475   0.5   0.5
  7  C     0.741525   0.5   0.5
  8  Zr    0.5        0     0
  9  Zr    0          0.5   0.5
 10  Zr    0.248804   0     0.5
 11  Zr    0.751196   0     0.5
 12  Hf    0.248644   0.5   0
 13  Hf    0.751356   0.5   0
 14  Ti    0          0     0
 15  W     0.5        0.5   0.5",447.378,186.028,250.588
66,Hf2 Zr4 Ti1 Cr1 C8,"Full Formula (Hf2 Zr4 Ti1 Cr1 C8)
Reduced Formula: Hf2Zr4TiCrC8
abc   :   9.124882   4.598672   4.604420
angles:  90.000000  90.000000  90.000000
pbc   :       True       True       True
Sites (16)
  #  SP           a     b     c
---  ----  --------  ----  ----
  0  C     0          0.5  -0
  1  C     0.5        0.5  -0
  2  C     0.247431  -0    -0
  3  C     0.752569  -0     0
  4  C     0         -0     0.5
  5  C     0.5       -0     0.5
  6  C     0.259785   0.5   0.5
  7  C     0.740215   0.5   0.5
  8  Zr    0.5       -0    -0
  9  Zr    0          0.5   0.5
 10  Zr    0.251402  -0     0.5
 11  Zr    0.748598  -0     0.5
 12  Hf    0.251244   0.5  -0
 13  Hf    0.748756   0.5  -0
 14  Ti    0         -0    -0
 15  Cr    0.5        0.5   0.5",382.4,155.542,235.395
67,Hf2 Zr4 Mo1 W1 C8,"Full Formula (Hf2 Zr4 Mo1 W1 C8)
Reduced Formula: Hf2Zr4MoWC8
abc   :   9.181530   4.597689   4.595599
angles:  90.000000  90.000000  90.000000
pbc   :       True       True       True
Sites (16)
  #  SP            a    b     c
---  ----  ---------  ---  ----
  0  C     -0         0.5   0
  1  C      0.5       0.5   0
  2  C      0.248423  0    -0
  3  C      0.751577  0    -0
  4  C     -0         0     0.5
  5  C      0.5       0     0.5
  6  C      0.255028  0.5   0.5
  7  C      0.744972  0.5   0.5
  8  Zr     0.5       0     0
  9  Zr    -0         0.5   0.5
 10  Zr     0.249452  0     0.5
 11  Zr     0.750548  0     0.5
 12  Hf     0.249514  0.5   0
 13  Hf     0.750486  0.5   0
 14  Mo    -0         0     0
 15  W      0.5       0.5   0.5",432.456,176.851,259.88
68,Hf2 Zr4 Cr1 Mo1 C8,"Full Formula (Hf2 Zr4 Cr1 Mo1 C8)
Reduced Formula: Hf2Zr4CrMoC8
abc   :   9.142694   4.585430   4.588045
angles:  90.000000  90.000000  90.000000
pbc   :       True       True       True
Sites (16)
  #  SP           a     b     c
---  ----  --------  ----  ----
  0  C     0          0.5  -0
  1  C     0.5        0.5  -0
  2  C     0.248097  -0     0
  3  C     0.751903  -0    -0
  4  C     0         -0     0.5
  5  C     0.5       -0     0.5
  6  C     0.254793   0.5   0.5
  7  C     0.745207   0.5   0.5
  8  Zr    0.5       -0    -0
  9  Zr    0          0.5   0.5
 10  Zr    0.252056  -0     0.5
 11  Zr    0.747944  -0     0.5
 12  Hf    0.252181   0.5   0
 13  Hf    0.747819   0.5  -0
 14  Mo    0         -0    -0
 15  Cr    0.5        0.5   0.5",406.238,165.85,245.949
69,Hf2 Zr4 Cr1 W1 C8,"Full Formula (Hf2 Zr4 Cr1 W1 C8)
Reduced Formula: Hf2Zr4CrWC8
abc   :   9.131319   4.582876   4.586967
angles:  90.000000  90.000000  90.000000
pbc   :       True       True       True
Sites (16)
  #  SP           a    b    c
---  ----  --------  ---  ---
  0  C     0         0.5  0
  1  C     0.5       0.5  0
  2  C     0.245121  0    0
  3  C     0.754879  0    0
  4  C     0         0    0.5
  5  C     0.5       0    0.5
  6  C     0.254836  0.5  0.5
  7  C     0.745164  0.5  0.5
  8  Zr    0.5       0    0
  9  Zr    0         0.5  0.5
 10  Zr    0.252556  0    0.5
 11  Zr    0.747444  0    0.5
 12  Hf    0.252632  0.5  0
 13  Hf    0.747368  0.5  0
 14  W     0         0    0
 15  Cr    0.5       0.5  0.5",416.195,170.055,251.058
70,Zr4 Ti1 Nb1 V2 C8,"Full Formula (Zr4 Ti1 Nb1 V2 C8)
Reduced Formula: Zr4TiNb(VC4)2
abc   :   9.075218   4.518604   4.503750
angles:  90.000000  90.000000  90.000000
pbc   :       True       True       True
Sites (16)
  #  SP            a     b     c
---  ----  ---------  ----  ----
  0  C     -0          0.5  -0
  1  C      0.5        0.5  -0
  2  C      0.246877  -0    -0
  3  C      0.753123  -0     0
  4  C     -0          0     0.5
  5  C      0.5       -0     0.5
  6  C      0.258022   0.5   0.5
  7  C      0.741978   0.5   0.5
  8  Zr     0.5       -0    -0
  9  Zr    -0          0.5   0.5
 10  Zr     0.25232    0     0.5
 11  Zr     0.74768   -0     0.5
 12  V      0.265276   0.5   0
 13  V      0.734724   0.5  -0
 14  Nb    -0          0    -0
 15  Ti     0.5        0.5   0.5",419.787,173.564,240.688
71,Zr4 Nb1 V2 Mo1 C8,"Full Formula (Zr4 Nb1 V2 Mo1 C8)
Reduced Formula: Zr4NbV2MoC8
abc   :   9.068966   4.510839   4.507476
angles:  90.000000  90.000000  90.000000
pbc   :       True       True       True
Sites (16)
  #  SP           a     b     c
---  ----  --------  ----  ----
  0  C     0          0.5   0
  1  C     0.5        0.5   0
  2  C     0.248334  -0    -0
  3  C     0.751666  -0    -0
  4  C     0         -0     0.5
  5  C     0.5       -0     0.5
  6  C     0.256415   0.5   0.5
  7  C     0.743585   0.5   0.5
  8  Zr    0.5       -0     0
  9  Zr    0          0.5   0.5
 10  Zr    0.251811  -0     0.5
 11  Zr    0.748189  -0     0.5
 12  V     0.264871   0.5  -0
 13  V     0.735129   0.5   0
 14  Nb    0         -0     0
 15  Mo    0.5        0.5   0.5",409.637,167.128,248.736
72,Zr4 Nb1 V2 W1 C8,"Full Formula (Zr4 Nb1 V2 W1 C8)
Reduced Formula: Zr4NbV2WC8
abc   :   9.059647   4.506786   4.506332
angles:  90.000000  90.000000  90.000000
pbc   :       True       True       True
Sites (16)
  #  SP           a     b     c
---  ----  --------  ----  ----
  0  C     0          0.5   0
  1  C     0.5        0.5   0
  2  C     0.246652  -0    -0
  3  C     0.753348  -0    -0
  4  C     0         -0     0.5
  5  C     0.5       -0     0.5
  6  C     0.257727   0.5   0.5
  7  C     0.742273   0.5   0.5
  8  Zr    0.5       -0     0
  9  Zr    0          0.5   0.5
 10  Zr    0.250274  -0     0.5
 11  Zr    0.749726  -0     0.5
 12  V     0.236513   0.5   0
 13  V     0.763487   0.5   0
 14  Nb    0         -0     0
 15  W     0.5        0.5   0.5",426.478,174.493,255.725
73,Zr4 Nb1 V2 Cr1 C8,"Full Formula (Zr4 Nb1 V2 Cr1 C8)
Reduced Formula: Zr4NbV2CrC8
abc   :   9.006542   4.488472   4.491819
angles:  90.000000  90.000000  90.000000
pbc   :       True       True       True
Sites (16)
  #  SP           a     b     c
---  ----  --------  ----  ----
  0  C     0          0.5   0
  1  C     0.5        0.5   0
  2  C     0.249153  -0    -0
  3  C     0.750847   0    -0
  4  C     0          0     0.5
  5  C     0.5        0     0.5
  6  C     0.262543   0.5   0.5
  7  C     0.737457   0.5   0.5
  8  Zr    0.5        0     0
  9  Zr    0          0.5   0.5
 10  Zr    0.254042   0     0.5
 11  Zr    0.745958  -0     0.5
 12  V     0.26792    0.5   0
 13  V     0.73208    0.5  -0
 14  Nb    0          0     0
 15  Cr    0.5        0.5   0.5",381.455,154.544,239.122
74,Zr4 Ti1 V2 Mo1 C8,"Full Formula (Zr4 Ti1 V2 Mo1 C8)
Reduced Formula: Zr4TiV2MoC8
abc   :   9.020866   4.487567   4.502370
angles:  90.000000  90.000000  90.000000
pbc   :       True       True       True
Sites (16)
  #  SP           a     b     c
---  ----  --------  ----  ----
  0  C     0          0.5  -0
  1  C     0.5        0.5  -0
  2  C     0.243785   0    -0
  3  C     0.756215   0    -0
  4  C     0          0     0.5
  5  C     0.5        0     0.5
  6  C     0.25526    0.5   0.5
  7  C     0.74474    0.5   0.5
  8  Zr    0.5        0    -0
  9  Zr    0          0.5   0.5
 10  Zr    0.248981  -0     0.5
 11  Zr    0.751019  -0     0.5
 12  V     0.235946   0.5  -0
 13  V     0.764054   0.5   0
 14  Ti    0          0    -0
 15  Mo    0.5        0.5   0.5",392.914,159.38,244.926
75,Zr4 Ti1 V2 W1 C8,"Full Formula (Zr4 Ti1 V2 W1 C8)
Reduced Formula: Zr4TiV2WC8
abc   :   9.030154   4.485257   4.497323
angles:  90.000000  90.000000  90.000000
pbc   :       True       True       True
Sites (16)
  #  SP            a     b     c
---  ----  ---------  ----  ----
  0  C     -0          0.5   0
  1  C      0.5        0.5   0
  2  C      0.243546  -0    -0
  3  C      0.756454   0    -0
  4  C     -0          0     0.5
  5  C      0.5        0     0.5
  6  C      0.257503   0.5   0.5
  7  C      0.742497   0.5   0.5
  8  Zr     0.5        0     0
  9  Zr    -0          0.5   0.5
 10  Zr     0.248185  -0     0.5
 11  Zr     0.751815   0     0.5
 12  V      0.232565   0.5  -0
 13  V      0.767435   0.5  -0
 14  Ti    -0          0     0
 15  W      0.5        0.5   0.5",420.502,172.213,251.087
76,Zr4 V2 Mo1 W1 C8,"Full Formula (Zr4 V2 Mo1 W1 C8)
Reduced Formula: Zr4V2MoWC8
abc   :   9.005906   4.488689   4.496329
angles:  90.000000  90.000000  90.000000
pbc   :       True       True       True
Sites (16)
  #  SP           a     b     c
---  ----  --------  ----  ----
  0  C     0          0.5  -0
  1  C     0.5        0.5  -0
  2  C     0.245276  -0    -0
  3  C     0.754724  -0    -0
  4  C     0         -0     0.5
  5  C     0.5       -0     0.5
  6  C     0.255823   0.5   0.5
  7  C     0.744177   0.5   0.5
  8  Zr    0.5       -0    -0
  9  Zr    0          0.5   0.5
 10  Zr    0.248688  -0     0.5
 11  Zr    0.751312  -0     0.5
 12  V     0.2361     0.5  -0
 13  V     0.7639     0.5   0
 14  Mo    0         -0    -0
 15  W     0.5        0.5   0.5",435.766,178.32,261.123
77,Zr4 V2 Cr1 Mo1 C8,"Full Formula (Zr4 V2 Cr1 Mo1 C8)
Reduced Formula: Zr4V2CrMoC8
abc   :   8.948457   4.473078   4.472944
angles:  90.000000  90.000000  90.000000
pbc   :       True       True       True
Sites (16)
  #  SP            a     b     c
---  ----  ---------  ----  ----
  0  C     -0          0.5   0
  1  C      0.5        0.5   0
  2  C      0.247122  -0    -0
  3  C      0.752878   0     0
  4  C     -0         -0     0.5
  5  C      0.5       -0     0.5
  6  C      0.260674   0.5   0.5
  7  C      0.739326   0.5   0.5
  8  Zr     0.5       -0     0
  9  Zr    -0          0.5   0.5
 10  Zr     0.253011   0     0.5
 11  Zr     0.746989   0     0.5
 12  V      0.266274   0.5  -0
 13  V      0.733726   0.5   0
 14  Mo    -0         -0     0
 15  Cr     0.5        0.5   0.5",392.882,158.942,247.964
78,Zr4 V2 Cr1 W1 C8,"Full Formula (Zr4 V2 Cr1 W1 C8)
Reduced Formula: Zr4V2CrWC8
abc   :   8.950580   4.472571   4.470067
angles:  90.000000  90.000000  90.000000
pbc   :       True       True       True
Sites (16)
  #  SP            a    b     c
---  ----  ---------  ---  ----
  0  C     -0         0.5   0
  1  C      0.5       0.5   0
  2  C      0.244939  0    -0
  3  C      0.755061  0    -0
  4  C     -0         0     0.5
  5  C      0.5       0     0.5
  6  C      0.261011  0.5   0.5
  7  C      0.738989  0.5   0.5
  8  Zr     0.5       0     0
  9  Zr    -0         0.5   0.5
 10  Zr     0.253706  0     0.5
 11  Zr     0.746294  0     0.5
 12  V      0.268568  0.5  -0
 13  V      0.731432  0.5   0
 14  W     -0         0     0
 15  Cr     0.5       0.5   0.5",414.516,168.928,252.972
79,Zr4 Ti1 Nb2 Mo1 C8,"Full Formula (Zr4 Ti1 Nb2 Mo1 C8)
Reduced Formula: Zr4TiNb2MoC8
abc   :   9.116375   4.550809   4.573882
angles:  90.000000  90.000000  90.000000
pbc   :       True       True       True
Sites (16)
  #  SP            a     b    c
---  ----  ---------  ----  ---
  0  C     -0          0.5  0
  1  C      0.5        0.5  0
  2  C      0.246899  -0    0
  3  C      0.753101  -0    0
  4  C      0         -0    0.5
  5  C      0.5       -0    0.5
  6  C      0.253519   0.5  0.5
  7  C      0.746481   0.5  0.5
  8  Zr     0.5       -0    0
  9  Zr     0          0.5  0.5
 10  Zr     0.249718   0    0.5
 11  Zr     0.750282   0    0.5
 12  Nb     0.249326   0.5  0
 13  Nb     0.750674   0.5  0
 14  Ti    -0         -0    0
 15  Mo     0.5        0.5  0.5",437.41,179.34,259.895
80,Zr4 Ti1 Nb2 W1 C8,"Full Formula (Zr4 Ti1 Nb2 W1 C8)
Reduced Formula: Zr4TiNb2WC8
abc   :   9.109740   4.546454   4.573067
angles:  90.000000  90.000000  90.000000
pbc   :       True       True       True
Sites (16)
  #  SP            a    b     c
---  ----  ---------  ---  ----
  0  C      0         0.5   0
  1  C      0.5       0.5   0
  2  C      0.246594  0    -0
  3  C      0.753406  0    -0
  4  C     -0         0     0.5
  5  C      0.5       0     0.5
  6  C      0.256921  0.5   0.5
  7  C      0.743079  0.5   0.5
  8  Zr     0.5       0     0
  9  Zr     0         0.5   0.5
 10  Zr     0.249     0     0.5
 11  Zr     0.751     0     0.5
 12  Nb     0.246317  0.5   0
 13  Nb     0.753683  0.5   0
 14  Ti    -0         0     0
 15  W      0.5       0.5   0.5",437.114,178.831,262.198
81,Zr4 Ti1 Nb2 Cr1 C8,"Full Formula (Zr4 Ti1 Nb2 Cr1 C8)
Reduced Formula: Zr4TiNb2CrC8
abc   :   9.053807   4.539518   4.557541
angles:  90.000000  90.000000  90.000000
pbc   :       True       True       True
Sites (16)
  #  SP           a     b     c
---  ----  --------  ----  ----
  0  C     0          0.5  -0
  1  C     0.5        0.5  -0
  2  C     0.247245   0    -0
  3  C     0.752755  -0     0
  4  C     0         -0     0.5
  5  C     0.5       -0     0.5
  6  C     0.257929   0.5   0.5
  7  C     0.742071   0.5   0.5
  8  Zr    0.5       -0    -0
  9  Zr    0          0.5   0.5
 10  Zr    0.251786   0     0.5
 11  Zr    0.748214  -0     0.5
 12  Nb    0.252297   0.5   0
 13  Nb    0.747703   0.5  -0
 14  Ti    0         -0    -0
 15  Cr    0.5        0.5   0.5",415.407,170.003,248.832
82,Zr4 Nb2 Mo1 W1 C8,"Full Formula (Zr4 Nb2 Mo1 W1 C8)
Reduced Formula: Zr4Nb2MoWC8
abc   :   9.093670   4.554358   4.561768
angles:  90.000000  90.000000  90.000000
pbc   :       True       True       True
Sites (16)
  #  SP            a    b     c
---  ----  ---------  ---  ----
  0  C     -0         0.5   0
  1  C      0.5       0.5   0
  2  C      0.248476  0    -0
  3  C      0.751524  0     0
  4  C     -0         0     0.5
  5  C      0.5       0     0.5
  6  C      0.254861  0.5   0.5
  7  C      0.745139  0.5   0.5
  8  Zr     0.5       0     0
  9  Zr    -0         0.5   0.5
 10  Zr     0.249018  0     0.5
 11  Zr     0.750982  0     0.5
 12  Nb     0.245951  0.5  -0
 13  Nb     0.754049  0.5  -0
 14  Mo    -0         0     0
 15  W      0.5       0.5   0.5",449.03,183.389,271.407
83,Zr4 Nb2 Cr1 Mo1 C8,"Full Formula (Zr4 Nb2 Cr1 Mo1 C8)
Reduced Formula: Zr4Nb2CrMoC8
abc   :   9.039436   4.548810   4.544936
angles:  90.000000  90.000000  90.000000
pbc   :       True       True       True
Sites (16)
  #  SP           a     b     c
---  ----  --------  ----  ----
  0  C     0          0.5  -0
  1  C     0.5        0.5  -0
  2  C     0.248338   0     0
  3  C     0.751662   0    -0
  4  C     0         -0     0.5
  5  C     0.5       -0     0.5
  6  C     0.256127   0.5   0.5
  7  C     0.743873   0.5   0.5
  8  Zr    0.5       -0    -0
  9  Zr    0          0.5   0.5
 10  Zr    0.252315  -0     0.5
 11  Zr    0.747685  -0     0.5
 12  Nb    0.254414   0.5  -0
 13  Nb    0.745586   0.5  -0
 14  Mo    0         -0    -0
 15  Cr    0.5        0.5   0.5",413.191,167.426,258.846
84,Zr4 Nb2 Cr1 W1 C8,"Full Formula (Zr4 Nb2 Cr1 W1 C8)
Reduced Formula: Zr4Nb2CrWC8
abc   :   9.041542   4.547021   4.538867
angles:  90.000000  90.000000  90.000000
pbc   :       True       True       True
Sites (16)
  #  SP           a     b     c
---  ----  --------  ----  ----
  0  C     0          0.5   0
  1  C     0.5        0.5   0
  2  C     0.24538   -0     0
  3  C     0.75462   -0     0
  4  C     0         -0     0.5
  5  C     0.5       -0     0.5
  6  C     0.256272   0.5   0.5
  7  C     0.743728   0.5   0.5
  8  Zr    0.5       -0     0
  9  Zr    0          0.5   0.5
 10  Zr    0.253153   0     0.5
 11  Zr    0.746847   0     0.5
 12  Nb    0.257578   0.5   0
 13  Nb    0.742422   0.5  -0
 14  W     0         -0     0
 15  Cr    0.5        0.5   0.5",432.165,176.216,263.101
85,Zr4 Ti2 Mo1 W1 C8,"Full Formula (Zr4 Ti2 Mo1 W1 C8)
Reduced Formula: Zr4Ti2MoWC8
abc   :   9.060453   4.524867   4.522615
angles:  90.000000  90.000000  90.000000
pbc   :       True       True       True
Sites (16)
  #  SP            a     b     c
---  ----  ---------  ----  ----
  0  C     -0          0.5  -0
  1  C      0.5        0.5  -0
  2  C      0.247057  -0     0
  3  C      0.752943  -0     0
  4  C     -0         -0     0.5
  5  C      0.5       -0     0.5
  6  C      0.255345   0.5   0.5
  7  C      0.744655   0.5   0.5
  8  Zr     0.5       -0    -0
  9  Zr    -0          0.5   0.5
 10  Zr     0.249411   0     0.5
 11  Zr     0.750589   0     0.5
 12  Ti     0.248984   0.5  -0
 13  Ti     0.751016   0.5   0
 14  Mo    -0         -0    -0
 15  W      0.5        0.5   0.5",430.6,175.868,260.227
86,Zr4 Ti2 Cr1 Mo1 C8,"Full Formula (Zr4 Ti2 Cr1 Mo1 C8)
Reduced Formula: Zr4Ti2CrMoC8
abc   :   9.006378   4.503071   4.513331
angles:  90.000000  90.000000  90.000000
pbc   :       True       True       True
Sites (16)
  #  SP           a     b     c
---  ----  --------  ----  ----
  0  C     0          0.5  -0
  1  C     0.5        0.5  -0
  2  C     0.247538   0    -0
  3  C     0.752462   0    -0
  4  C     0          0     0.5
  5  C     0.5        0     0.5
  6  C     0.257237   0.5   0.5
  7  C     0.742763   0.5   0.5
  8  Zr    0.5        0    -0
  9  Zr    0          0.5   0.5
 10  Zr    0.252189  -0     0.5
 11  Zr    0.747811  -0     0.5
 12  Ti    0.25358    0.5   0
 13  Ti    0.74642    0.5  -0
 14  Mo    0          0    -0
 15  Cr    0.5        0.5   0.5",405.142,165.193,246.683
87,Zr4 Ti2 Cr1 W1 C8,"Full Formula (Zr4 Ti2 Cr1 W1 C8)
Reduced Formula: Zr4Ti2CrWC8
abc   :   8.998929   4.501568   4.512270
angles:  90.000000  90.000000  90.000000
pbc   :       True       True       True
Sites (16)
  #  SP            a     b     c
---  ----  ---------  ----  ----
  0  C     -0          0.5  -0
  1  C      0.5        0.5  -0
  2  C      0.245269  -0     0
  3  C      0.754731  -0     0
  4  C     -0         -0     0.5
  5  C      0.5       -0     0.5
  6  C      0.257445   0.5   0.5
  7  C      0.742555   0.5   0.5
  8  Zr     0.5       -0    -0
  9  Zr    -0          0.5   0.5
 10  Zr     0.252744   0     0.5
 11  Zr     0.747256  -0     0.5
 12  Ti     0.254479   0.5  -0
 13  Ti     0.745521   0.5  -0
 14  W     -0         -0    -0
 15  Cr     0.5        0.5   0.5",416.3,169.994,251.808
88,Zr4 Cr1 Mo2 W1 C8,"Full Formula (Zr4 Cr1 Mo2 W1 C8)
Reduced Formula: Zr4CrMo2WC8
abc   :   8.980622   4.517672   4.511732
angles:  90.000000  90.000000  90.000000
pbc   :       True       True       True
Sites (16)
  #  SP           a     b     c
---  ----  --------  ----  ----
  0  C     0          0.5   0
  1  C     0.5        0.5   0
  2  C     0.244334  -0    -0
  3  C     0.755666  -0     0
  4  C     0         -0     0.5
  5  C     0.5       -0     0.5
  6  C     0.259731   0.5   0.5
  7  C     0.740269   0.5   0.5
  8  Zr    0.5       -0     0
  9  Zr    0          0.5   0.5
 10  Zr    0.253482  -0     0.5
 11  Zr    0.746518   0     0.5
 12  Mo    0.267165   0.5   0
 13  Mo    0.732835   0.5  -0
 14  W     0         -0     0
 15  Cr    0.5        0.5   0.5",400.213,161.367,256.612
89,Hf4 Ti1 Nb1 V2 C8,"Full Formula (Hf4 Ti1 Nb1 V2 C8)
Reduced Formula: Hf4TiNb(VC4)2
abc   :   9.013333   4.488544   4.478421
angles:  90.000000  90.000000  90.000000
pbc   :       True       True       True
Sites (16)
  #  SP           a     b     c
---  ----  --------  ----  ----
  0  C     0          0.5   0
  1  C     0.5        0.5   0
  2  C     0.247939  -0    -0
  3  C     0.752061   0     0
  4  C     0          0     0.5
  5  C     0.5        0     0.5
  6  C     0.256251   0.5   0.5
  7  C     0.743749   0.5   0.5
  8  Hf    0.5        0     0
  9  Hf    0          0.5   0.5
 10  Hf    0.25243    0     0.5
 11  Hf    0.74757    0     0.5
 12  V     0.264644   0.5   0
 13  V     0.735356   0.5  -0
 14  Nb    0          0     0
 15  Ti    0.5        0.5   0.5",457.034,189.098,261.276
90,Hf4 Nb1 V2 Mo1 C8,"Full Formula (Hf4 Nb1 V2 Mo1 C8)
Reduced Formula: Hf4NbV2MoC8
abc   :   9.009294   4.483775   4.481436
angles:  90.000000  90.000000  90.000000
pbc   :       True       True       True
Sites (16)
  #  SP            a     b     c
---  ----  ---------  ----  ----
  0  C      0          0.5  -0
  1  C      0.5        0.5  -0
  2  C      0.249524   0     0
  3  C      0.750476  -0    -0
  4  C      0          0     0.5
  5  C      0.5        0     0.5
  6  C      0.254591   0.5   0.5
  7  C      0.745409   0.5   0.5
  8  Hf     0.5        0    -0
  9  Hf    -0          0.5   0.5
 10  Hf     0.251831   0     0.5
 11  Hf     0.748169   0     0.5
 12  V      0.264386   0.5   0
 13  V      0.735614   0.5   0
 14  Nb     0          0    -0
 15  Mo     0.5        0.5   0.5",448.731,183.348,270.692
91,Hf4 Nb1 V2 Cr1 C8,"Full Formula (Hf4 Nb1 V2 Cr1 C8)
Reduced Formula: Hf4NbV2CrC8
abc   :   8.949919   4.461168   4.464776
angles:  90.000000  90.000000  90.000000
pbc   :       True       True       True
Sites (16)
  #  SP           a    b     c
---  ----  --------  ---  ----
  0  C     0         0.5   0
  1  C     0.5       0.5   0
  2  C     0.250073  0     0
  3  C     0.749927  0     0
  4  C     0         0     0.5
  5  C     0.5       0     0.5
  6  C     0.260292  0.5   0.5
  7  C     0.739708  0.5   0.5
  8  Hf    0.5       0     0
  9  Hf    0         0.5   0.5
 10  Hf    0.25411   0     0.5
 11  Hf    0.74589   0     0.5
 12  V     0.267259  0.5  -0
 13  V     0.732741  0.5   0
 14  Nb    0         0     0
 15  Cr    0.5       0.5   0.5",426.673,173.626,262.127
92,Hf4 Ti1 V2 Mo1 C8,"Full Formula (Hf4 Ti1 V2 Mo1 C8)
Reduced Formula: Hf4TiV2MoC8
abc   :   8.959733   4.462773   4.474589
angles:  90.000000  90.000000  90.000000
pbc   :       True       True       True
Sites (16)
  #  SP            a     b     c
---  ----  ---------  ----  ----
  0  C     -0          0.5   0
  1  C      0.5        0.5   0
  2  C      0.245571   0    -0
  3  C      0.754429   0     0
  4  C     -0          0     0.5
  5  C      0.5        0     0.5
  6  C      0.253909   0.5   0.5
  7  C      0.746091   0.5   0.5
  8  Hf     0.5       -0     0
  9  Hf    -0          0.5   0.5
 10  Hf     0.248801   0     0.5
 11  Hf     0.751199   0     0.5
 12  V      0.237434   0.5   0
 13  V      0.762566   0.5  -0
 14  Ti    -0          0     0
 15  Mo     0.5        0.5   0.5",422.41,171.017,265.661
93,Hf4 Ti1 V2 W1 C8,"Full Formula (Hf4 Ti1 V2 W1 C8)
Reduced Formula: Hf4TiV2WC8
abc   :   8.968951   4.460818   4.469476
angles:  90.000000  90.000000  90.000000
pbc   :       True       True       True
Sites (16)
  #  SP            a     b     c
---  ----  ---------  ----  ----
  0  C     -0          0.5   0
  1  C      0.5        0.5   0
  2  C      0.245403   0    -0
  3  C      0.754597  -0    -0
  4  C     -0         -0     0.5
  5  C      0.5       -0     0.5
  6  C      0.255996   0.5   0.5
  7  C      0.744004   0.5   0.5
  8  Hf     0.5       -0     0
  9  Hf    -0          0.5   0.5
 10  Hf     0.2479    -0     0.5
 11  Hf     0.7521    -0     0.5
 12  V      0.233143   0.5  -0
 13  V      0.766857   0.5  -0
 14  Ti    -0         -0     0
 15  W      0.5        0.5   0.5",451.418,184.498,271.974
94,Hf4 Ti1 V2 Cr1 C8,"Full Formula (Hf4 Ti1 V2 Cr1 C8)
Reduced Formula: Hf4TiV2CrC8
abc   :   8.869833   4.440438   4.462473
angles:  90.000000  90.000000  90.000000
pbc   :       True       True       True
Sites (16)
  #  SP            a    b     c
---  ----  ---------  ---  ----
  0  C      0         0.5   0
  1  C      0.5       0.5   0
  2  C      0.247344  0    -0
  3  C      0.752656  0    -0
  4  C      0         0     0.5
  5  C      0.5       0     0.5
  6  C      0.25953   0.5   0.5
  7  C      0.74047   0.5   0.5
  8  Hf     0.5       0     0
  9  Hf    -0         0.5   0.5
 10  Hf     0.251795  0     0.5
 11  Hf     0.748205  0     0.5
 12  V      0.253286  0.5  -0
 13  V      0.746714  0.5  -0
 14  Ti    -0         0     0
 15  Cr     0.5       0.5   0.5",412.206,166.581,261.471
95,Hf4 V2 Mo1 W1 C8,"Full Formula (Hf4 V2 Mo1 W1 C8)
Reduced Formula: Hf4V2MoWC8
abc   :   8.946422   4.464181   4.471413
angles:  90.000000  90.000000  90.000000
pbc   :       True       True       True
Sites (16)
  #  SP           a     b     c
---  ----  --------  ----  ----
  0  C     0          0.5   0
  1  C     0.5        0.5   0
  2  C     0.246976   0     0
  3  C     0.753024  -0    -0
  4  C     0          0     0.5
  5  C     0.5        0     0.5
  6  C     0.254285   0.5   0.5
  7  C     0.745715   0.5   0.5
  8  Hf    0.5        0     0
  9  Hf    0          0.5   0.5
 10  Hf    0.248592   0     0.5
 11  Hf    0.751408   0     0.5
 12  V     0.236729   0.5  -0
 13  V     0.763271   0.5  -0
 14  Mo    0          0     0
 15  W     0.5        0.5   0.5",466.836,190.453,283.546
96,Hf4 V2 Cr1 Mo1 C8,"Full Formula (Hf4 V2 Cr1 Mo1 C8)
Reduced Formula: Hf4V2CrMoC8
abc   :   8.893581   4.447381   4.446901
angles:  90.000000  90.000000  90.000000
pbc   :       True       True       True
Sites (16)
  #  SP           a     b     c
---  ----  --------  ----  ----
  0  C     0          0.5  -0
  1  C     0.5        0.5  -0
  2  C     0.24825   -0     0
  3  C     0.75175    0    -0
  4  C     0          0     0.5
  5  C     0.5        0     0.5
  6  C     0.258568   0.5   0.5
  7  C     0.741432   0.5   0.5
  8  Hf    0.5        0    -0
  9  Hf    0          0.5   0.5
 10  Hf    0.253142   0     0.5
 11  Hf    0.746858   0     0.5
 12  V     0.26542    0.5   0
 13  V     0.73458    0.5   0
 14  Mo    0          0    -0
 15  Cr    0.5        0.5   0.5",424.833,171.633,269.859
97,Hf4 V2 Cr1 W1 C8,"Full Formula (Hf4 V2 Cr1 W1 C8)
Reduced Formula: Hf4V2CrWC8
abc   :   8.894461   4.447612   4.444207
angles:  90.000000  90.000000  90.000000
pbc   :       True       True       True
Sites (16)
  #  SP           a     b     c
---  ----  --------  ----  ----
  0  C     0          0.5  -0
  1  C     0.5        0.5  -0
  2  C     0.246294  -0     0
  3  C     0.753706  -0     0
  4  C     0         -0     0.5
  5  C     0.5       -0     0.5
  6  C     0.258863   0.5   0.5
  7  C     0.741137   0.5   0.5
  8  Hf    0.5       -0    -0
  9  Hf    0          0.5   0.5
 10  Hf    0.253881  -0     0.5
 11  Hf    0.746119  -0     0.5
 12  V     0.267851   0.5   0
 13  V     0.732149   0.5  -0
 14  W     0         -0    -0
 15  Cr    0.5        0.5   0.5",446.865,181.76,275.099
98,Hf4 Ti1 Nb2 Mo1 C8,"Full Formula (Hf4 Ti1 Nb2 Mo1 C8)
Reduced Formula: Hf4TiNb2MoC8
abc   :   9.064934   4.523089   4.543464
angles:  90.000000  90.000000  90.000000
pbc   :       True       True       True
Sites (16)
  #  SP           a     b     c
---  ----  --------  ----  ----
  0  C     0          0.5   0
  1  C     0.5        0.5   0
  2  C     0.248296   0     0
  3  C     0.751704   0    -0
  4  C     0         -0     0.5
  5  C     0.5       -0     0.5
  6  C     0.251716   0.5   0.5
  7  C     0.748284   0.5   0.5
  8  Hf    0.5       -0     0
  9  Hf    0          0.5   0.5
 10  Hf    0.249642  -0     0.5
 11  Hf    0.750358  -0     0.5
 12  Nb    0.250092   0.5   0
 13  Nb    0.749908   0.5   0
 14  Ti    0         -0     0
 15  Mo    0.5        0.5   0.5",458.357,187.297,276.397
99,Hf4 Ti1 Nb2 W1 C8,"Full Formula (Hf4 Ti1 Nb2 W1 C8)
Reduced Formula: Hf4TiNb2WC8
abc   :   9.055696   4.518707   4.544327
angles:  90.000000  90.000000  90.000000
pbc   :       True       True       True
Sites (16)
  #  SP            a     b     c
---  ----  ---------  ----  ----
  0  C     -0          0.5   0
  1  C      0.5        0.5   0
  2  C      0.248087  -0    -0
  3  C      0.751913  -0     0
  4  C     -0         -0     0.5
  5  C      0.5       -0     0.5
  6  C      0.254678   0.5   0.5
  7  C      0.745322   0.5   0.5
  8  Hf     0.5       -0     0
  9  Hf     0          0.5   0.5
 10  Hf     0.248876  -0     0.5
 11  Hf     0.751124  -0     0.5
 12  Nb     0.247436   0.5  -0
 13  Nb     0.752564   0.5   0
 14  Ti    -0         -0     0
 15  W      0.5        0.5   0.5",466.016,190.359,281.456
100,Hf4 Ti1 Nb2 Cr1 C8,"Full Formula (Hf4 Ti1 Nb2 Cr1 C8)
Reduced Formula: Hf4TiNb2CrC8
abc   :   9.006306   4.511397   4.525169
angles:  90.000000  90.000000  90.000000
pbc   :       True       True       True
Sites (16)
  #  SP           a     b     c
---  ----  --------  ----  ----
  0  C     0          0.5   0
  1  C     0.5        0.5   0
  2  C     0.248424   0     0
  3  C     0.751576   0    -0
  4  C     0         -0     0.5
  5  C     0.5       -0     0.5
  6  C     0.256026   0.5   0.5
  7  C     0.743974   0.5   0.5
  8  Hf    0.5       -0     0
  9  Hf    0          0.5   0.5
 10  Hf    0.251812  -0     0.5
 11  Hf    0.748188  -0     0.5
 12  Nb    0.252663   0.5  -0
 13  Nb    0.747337   0.5  -0
 14  Ti    0         -0     0
 15  Cr    0.5        0.5   0.5",447.675,183.301,267.571
101,Hf4 Nb2 Mo1 W1 C8,"Full Formula (Hf4 Nb2 Mo1 W1 C8)
Reduced Formula: Hf4Nb2MoWC8
abc   :   9.040799   4.527291   4.535317
angles:  90.000000  90.000000  90.000000
pbc   :       True       True       True
Sites (16)
  #  SP            a     b     c
---  ----  ---------  ----  ----
  0  C     -0          0.5   0
  1  C      0.5        0.5   0
  2  C      0.250017  -0     0
  3  C      0.749983  -0    -0
  4  C     -0         -0     0.5
  5  C      0.5       -0     0.5
  6  C      0.252815   0.5   0.5
  7  C      0.747185   0.5   0.5
  8  Hf     0.5       -0     0
  9  Hf    -0          0.5   0.5
 10  Hf     0.248934  -0     0.5
 11  Hf     0.751066  -0     0.5
 12  Nb     0.246703   0.5  -0
 13  Nb     0.753297   0.5  -0
 14  Mo    -0         -0     0
 15  W      0.5        0.5   0.5",483.19,197.441,291.39
102,Hf4 Nb2 Cr1 Mo1 C8,"Full Formula (Hf4 Nb2 Cr1 Mo1 C8)
Reduced Formula: Hf4Nb2CrMoC8
abc   :   8.993051   4.521091   4.514932
angles:  90.000000  90.000000  90.000000
pbc   :       True       True       True
Sites (16)
  #  SP           a     b     c
---  ----  --------  ----  ----
  0  C     0          0.5  -0
  1  C     0.5        0.5  -0
  2  C     0.249772  -0    -0
  3  C     0.750228  -0    -0
  4  C     0          0     0.5
  5  C     0.5        0     0.5
  6  C     0.254326   0.5   0.5
  7  C     0.745674   0.5   0.5
  8  Hf    0.5        0    -0
  9  Hf    0          0.5   0.5
 10  Hf    0.25244    0     0.5
 11  Hf    0.74756    0     0.5
 12  Nb    0.253887   0.5  -0
 13  Nb    0.746113   0.5   0
 14  Mo    0          0    -0
 15  Cr    0.5        0.5   0.5",446.498,181.139,278.163
103,Hf4 Nb2 Cr1 W1 C8,"Full Formula (Hf4 Nb2 Cr1 W1 C8)
Reduced Formula: Hf4Nb2CrWC8
abc   :   8.991349   4.520393   4.509950
angles:  90.000000  90.000000  90.000000
pbc   :       True       True       True
Sites (16)
  #  SP            a    b     c
---  ----  ---------  ---  ----
  0  C     -0         0.5  -0
  1  C      0.5       0.5  -0
  2  C      0.247086  0    -0
  3  C      0.752914  0    -0
  4  C     -0         0     0.5
  5  C      0.5       0     0.5
  6  C      0.25444   0.5   0.5
  7  C      0.74556   0.5   0.5
  8  Hf     0.5       0    -0
  9  Hf     0         0.5   0.5
 10  Hf     0.253343  0     0.5
 11  Hf     0.746657  0     0.5
 12  Nb     0.257087  0.5  -0
 13  Nb     0.742913  0.5   0
 14  W     -0         0    -0
 15  Cr     0.5       0.5   0.5",464.329,189.271,283.087
104,Hf4 Ti2 Mo1 W1 C8,"Full Formula (Hf4 Ti2 Mo1 W1 C8)
Reduced Formula: Hf4Ti2MoWC8
abc   :   9.007551   4.496344   4.496052
angles:  90.000000  90.000000  90.000000
pbc   :       True       True       True
Sites (16)
  #  SP           a     b     c
---  ----  --------  ----  ----
  0  C     0          0.5   0
  1  C     0.5        0.5   0
  2  C     0.248679  -0    -0
  3  C     0.751321  -0    -0
  4  C     0         -0     0.5
  5  C     0.5       -0     0.5
  6  C     0.253507   0.5   0.5
  7  C     0.746493   0.5   0.5
  8  Hf    0.5       -0     0
  9  Hf    0          0.5   0.5
 10  Hf    0.249346  -0     0.5
 11  Hf    0.750654  -0     0.5
 12  Ti    0.248782   0.5  -0
 13  Ti    0.751218   0.5   0
 14  Mo    0         -0     0
 15  W     0.5        0.5   0.5",453.436,184.172,280.952
105,Hf4 Ti2 Cr1 Mo1 C8,"Full Formula (Hf4 Ti2 Cr1 Mo1 C8)
Reduced Formula: Hf4Ti2CrMoC8
abc   :   8.956384   4.476245   4.483769
angles:  90.000000  90.000000  90.000000
pbc   :       True       True       True
Sites (16)
  #  SP           a    b     c
---  ----  --------  ---  ----
  0  C     0         0.5   0
  1  C     0.5       0.5   0
  2  C     0.248823  0     0
  3  C     0.751177  0     0
  4  C     0         0     0.5
  5  C     0.5       0     0.5
  6  C     0.255442  0.5   0.5
  7  C     0.744558  0.5   0.5
  8  Hf    0.5       0     0
  9  Hf    0         0.5   0.5
 10  Hf    0.252334  0     0.5
 11  Hf    0.747666  0     0.5
 12  Ti    0.25366   0.5   0
 13  Ti    0.74634   0.5  -0
 14  Mo    0         0     0
 15  Cr    0.5       0.5   0.5",434.95,177.067,266.715
106,Hf4 Ti2 Cr1 W1 C8,"Full Formula (Hf4 Ti2 Cr1 W1 C8)
Reduced Formula: Hf4Ti2CrWC8
abc   :   8.949298   4.475461   4.482299
angles:  90.000000  90.000000  90.000000
pbc   :       True       True       True
Sites (16)
  #  SP            a     b     c
---  ----  ---------  ----  ----
  0  C     -0          0.5  -0
  1  C      0.5        0.5  -0
  2  C      0.246808  -0     0
  3  C      0.753192  -0    -0
  4  C     -0         -0     0.5
  5  C      0.5       -0     0.5
  6  C      0.255555   0.5   0.5
  7  C      0.744445   0.5   0.5
  8  Hf     0.5       -0    -0
  9  Hf    -0          0.5   0.5
 10  Hf     0.252949  -0     0.5
 11  Hf     0.747051  -0     0.5
 12  Ti     0.254688   0.5  -0
 13  Ti     0.745312   0.5  -0
 14  W     -0         -0    -0
 15  Cr     0.5        0.5   0.5",445.009,181.274,272.124
107,Hf4 Cr1 Mo2 W1 C8,"Full Formula (Hf4 Cr1 Mo2 W1 C8)
Reduced Formula: Hf4CrMo2WC8
abc   :   8.925790   4.490869   4.486664
angles:  90.000000  90.000000  90.000000
pbc   :       True       True       True
Sites (16)
  #  SP            a     b     c
---  ----  ---------  ----  ----
  0  C      0          0.5  -0
  1  C      0.5        0.5  -0
  2  C      0.245901  -0     0
  3  C      0.754099   0    -0
  4  C     -0          0     0.5
  5  C      0.5        0     0.5
  6  C      0.257334   0.5   0.5
  7  C      0.742666   0.5   0.5
  8  Hf     0.5        0    -0
  9  Hf    -0          0.5   0.5
 10  Hf     0.253636   0     0.5
 11  Hf     0.746364   0     0.5
 12  Mo     0.26556    0.5  -0
 13  Mo     0.73444    0.5  -0
 14  W      0          0    -0
 15  Cr     0.5        0.5   0.5",430.12,173.529,275.012
108,Ti1 Nb2 V4 Mo1 C8,"Full Formula (Ti1 Nb2 V4 Mo1 C8)
Reduced Formula: TiNb2V4MoC8
abc   :   8.597101   4.301264   4.305253
angles:  90.000000  90.000000  90.000000
pbc   :       True       True       True
Sites (16)
  #  SP           a     b     c
---  ----  --------  ----  ----
  0  C     0          0.5  -0
  1  C     0.5        0.5  -0
  2  C     0.252076  -0     0
  3  C     0.747924  -0     0
  4  C     0         -0     0.5
  5  C     0.5       -0     0.5
  6  C     0.244312   0.5   0.5
  7  C     0.755688   0.5   0.5
  8  V     0.5       -0    -0
  9  V     0          0.5   0.5
 10  V     0.247355  -0     0.5
 11  V     0.752645  -0     0.5
 12  Nb    0.249321   0.5   0
 13  Nb    0.750679   0.5  -0
 14  Ti    0         -0    -0
 15  Mo    0.5        0.5   0.5",492.107,199.976,304.238
109,Ti1 Nb2 V4 W1 C8,"Full Formula (Ti1 Nb2 V4 W1 C8)
Reduced Formula: TiNb2V4WC8
abc   :   8.596768   4.300692   4.308278
angles:  90.000000  90.000000  90.000000
pbc   :       True       True       True
Sites (16)
  #  SP           a     b     c
---  ----  --------  ----  ----
  0  C     0          0.5   0
  1  C     0.5        0.5   0
  2  C     0.251496  -0    -0
  3  C     0.748504  -0    -0
  4  C     0         -0     0.5
  5  C     0.5       -0     0.5
  6  C     0.246345   0.5   0.5
  7  C     0.753655   0.5   0.5
  8  V     0.5       -0     0
  9  V     0          0.5   0.5
 10  V     0.24377   -0     0.5
 11  V     0.75623   -0     0.5
 12  Nb    0.248123   0.5  -0
 13  Nb    0.751877   0.5   0
 14  Ti    0         -0     0
 15  W     0.5        0.5   0.5",504.109,205.41,307.851
110,Ti1 Nb2 V4 Cr1 C8,"Full Formula (Ti1 Nb2 V4 Cr1 C8)
Reduced Formula: TiNb2V4CrC8
abc   :   8.538069   4.269929   4.265388
angles:  90.000000  90.000000  90.000000
pbc   :       True       True       True
Sites (16)
  #  SP           a    b     c
---  ----  --------  ---  ----
  0  C     0         0.5  -0
  1  C     0.5       0.5  -0
  2  C     0.254049  0     0
  3  C     0.745951  0     0
  4  C     0         0     0.5
  5  C     0.5       0     0.5
  6  C     0.251585  0.5   0.5
  7  C     0.748415  0.5   0.5
  8  V     0.5       0    -0
  9  V     0         0.5   0.5
 10  V     0.257051  0     0.5
 11  V     0.742949  0     0.5
 12  Nb    0.252913  0.5   0
 13  Nb    0.747087  0.5  -0
 14  Ti    0         0    -0
 15  Cr    0.5       0.5   0.5",462.619,186.496,296.884
111,Nb2 V4 Mo1 W1 C8,"Full Formula (Nb2 V4 Mo1 W1 C8)
Reduced Formula: Nb2V4MoWC8
abc   :   8.621818   4.304173   4.306191
angles:  90.000000  90.000000  90.000000
pbc   :       True       True       True
Sites (16)
  #  SP            a    b     c
---  ----  ---------  ---  ----
  0  C     -0         0.5  -0
  1  C      0.5       0.5  -0
  2  C      0.2553    0     0
  3  C      0.7447    0    -0
  4  C     -0         0     0.5
  5  C      0.5       0     0.5
  6  C      0.245658  0.5   0.5
  7  C      0.754342  0.5   0.5
  8  V      0.5       0    -0
  9  V     -0         0.5   0.5
 10  V      0.248916  0     0.5
 11  V      0.751084  0     0.5
 12  Nb     0.249444  0.5   0
 13  Nb     0.750556  0.5  -0
 14  Mo    -0         0    -0
 15  W      0.5       0.5   0.5",551.06,227.18,319.817
112,Nb2 V4 Cr1 Mo1 C8,"Full Formula (Nb2 V4 Cr1 Mo1 C8)
Reduced Formula: Nb2V4CrMoC8
abc   :   8.542023   4.281463   4.270671
angles:  90.000000  90.000000  90.000000
pbc   :       True       True       True
Sites (16)
  #  SP           a     b     c
---  ----  --------  ----  ----
  0  C     0          0.5  -0
  1  C     0.5        0.5  -0
  2  C     0.257416  -0     0
  3  C     0.742584  -0    -0
  4  C     0          0     0.5
  5  C     0.5        0     0.5
  6  C     0.251239   0.5   0.5
  7  C     0.748761   0.5   0.5
  8  V     0.5        0    -0
  9  V     0          0.5   0.5
 10  V     0.256444   0     0.5
 11  V     0.743556   0     0.5
 12  Nb    0.253051   0.5   0
 13  Nb    0.746949   0.5  -0
 14  Mo    0          0    -0
 15  Cr    0.5        0.5   0.5",498.651,202.423,309.766
113,Nb2 V4 Cr1 W1 C8,"Full Formula (Nb2 V4 Cr1 W1 C8)
Reduced Formula: Nb2V4CrWC8
abc   :   8.544617   4.283632   4.270125
angles:  90.000000  90.000000  90.000000
pbc   :       True       True       True
Sites (16)
  #  SP           a     b     c
---  ----  --------  ----  ----
  0  C     0          0.5  -0
  1  C     0.5        0.5  -0
  2  C     0.25573   -0    -0
  3  C     0.74427   -0     0
  4  C     0         -0     0.5
  5  C     0.5       -0     0.5
  6  C     0.252032   0.5   0.5
  7  C     0.747968   0.5   0.5
  8  V     0.5       -0    -0
  9  V     0          0.5   0.5
 10  V     0.258008  -0     0.5
 11  V     0.741992  -0     0.5
 12  Nb    0.253747   0.5   0
 13  Nb    0.746253   0.5  -0
 14  W     0         -0    -0
 15  Cr    0.5        0.5   0.5",512.788,208.887,313.553
114,Ti2 V4 Mo1 W1 C8,"Full Formula (Ti2 V4 Mo1 W1 C8)
Reduced Formula: Ti2V4MoWC8
abc   :   8.493328   4.263734   4.262058
angles:  90.000000  90.000000  90.000000
pbc   :       True       True       True
Sites (16)
  #  SP            a    b     c
---  ----  ---------  ---  ----
  0  C     -0         0.5  -0
  1  C      0.5       0.5  -0
  2  C      0.255463  0     0
  3  C      0.744537  0     0
  4  C     -0         0     0.5
  5  C      0.5       0     0.5
  6  C      0.246127  0.5   0.5
  7  C      0.753873  0.5   0.5
  8  V      0.5       0    -0
  9  V     -0         0.5   0.5
 10  V      0.247964  0     0.5
 11  V      0.752036  0     0.5
 12  Ti     0.248971  0.5  -0
 13  Ti     0.751029  0.5  -0
 14  Mo    -0         0    -0
 15  W      0.5       0.5   0.5",523.534,213.661,317.47
115,Ti2 V4 Cr1 Mo1 C8,"Full Formula (Ti2 V4 Cr1 Mo1 C8)
Reduced Formula: Ti2V4CrMoC8
abc   :   8.419600   4.227073   4.223977
angles:  90.000000  90.000000  90.000000
pbc   :       True       True       True
Sites (16)
  #  SP           a     b     c
---  ----  --------  ----  ----
  0  C     0          0.5  -0
  1  C     0.5        0.5  -0
  2  C     0.256808   0     0
  3  C     0.743192  -0     0
  4  C     0         -0     0.5
  5  C     0.5       -0     0.5
  6  C     0.250965   0.5   0.5
  7  C     0.749035   0.5   0.5
  8  V     0.5        0    -0
  9  V     0          0.5   0.5
 10  V     0.25602    0     0.5
 11  V     0.74398   -0     0.5
 12  Ti    0.253186   0.5  -0
 13  Ti    0.746814   0.5   0
 14  Mo    0          0    -0
 15  Cr    0.5        0.5   0.5",490.418,198.545,308.477
116,Ti2 V4 Cr1 W1 C8,"Full Formula (Ti2 V4 Cr1 W1 C8)
Reduced Formula: Ti2V4CrWC8
abc   :   8.419050   4.228725   4.227679
angles:  90.000000  90.000000  90.000000
pbc   :       True       True       True
Sites (16)
  #  SP           a     b     c
---  ----  --------  ----  ----
  0  C     0          0.5  -0
  1  C     0.5        0.5  -0
  2  C     0.255063   0    -0
  3  C     0.744937  -0     0
  4  C     0         -0     0.5
  5  C     0.5       -0     0.5
  6  C     0.251257   0.5   0.5
  7  C     0.748743   0.5   0.5
  8  V     0.5       -0    -0
  9  V     0          0.5   0.5
 10  V     0.258147  -0     0.5
 11  V     0.741853   0     0.5
 12  Ti    0.254026   0.5   0
 13  Ti    0.745974   0.5  -0
 14  W     0         -0    -0
 15  Cr    0.5        0.5   0.5",508.584,206.987,312.253
117,V4 Cr1 Mo2 W1 C8,"Full Formula (V4 Cr1 Mo2 W1 C8)
Reduced Formula: V4CrMo2WC8
abc   :   8.495878   4.245631   4.236551
angles:  90.000000  90.000000  90.000000
pbc   :       True       True       True
Sites (16)
  #  SP            a     b     c
---  ----  ---------  ----  ----
  0  C     -0          0.5   0
  1  C      0.5        0.5   0
  2  C      0.255988  -0     0
  3  C      0.744012  -0    -0
  4  C     -0          0     0.5
  5  C      0.5        0     0.5
  6  C      0.252742   0.5   0.5
  7  C      0.747258   0.5   0.5
  8  V      0.5        0     0
  9  V     -0          0.5   0.5
 10  V      0.256227   0     0.5
 11  V      0.743773   0     0.5
 12  Mo     0.255697   0.5   0
 13  Mo     0.744303   0.5   0
 14  W     -0          0     0
 15  Cr     0.5        0.5   0.5",495.975,197.982,334.088
118,Ti2 Nb4 Mo1 W1 C8,"Full Formula (Ti2 Nb4 Mo1 W1 C8)
Reduced Formula: Ti2Nb4MoWC8
abc   :   8.831829   4.415901   4.414016
angles:  90.000000  90.000000  90.000000
pbc   :       True       True       True
Sites (16)
  #  SP            a     b     c
---  ----  ---------  ----  ----
  0  C      0          0.5  -0
  1  C      0.5        0.5  -0
  2  C      0.250623  -0     0
  3  C      0.749377  -0    -0
  4  C     -0         -0     0.5
  5  C      0.5       -0     0.5
  6  C      0.250957   0.5   0.5
  7  C      0.749043   0.5   0.5
  8  Nb     0.5       -0    -0
  9  Nb    -0          0.5   0.5
 10  Nb     0.249365   0     0.5
 11  Nb     0.750635  -0     0.5
 12  Ti     0.24908    0.5  -0
 13  Ti     0.75092    0.5  -0
 14  Mo     0         -0    -0
 15  W      0.5        0.5   0.5",531.087,218.668,309.891
119,Ti2 Nb4 Cr1 Mo1 C8,"Full Formula (Ti2 Nb4 Cr1 Mo1 C8)
Reduced Formula: Ti2Nb4CrMoC8
abc   :   8.755159   4.395105   4.399552
angles:  90.000000  90.000000  90.000000
pbc   :       True       True       True
Sites (16)
  #  SP            a     b     c
---  ----  ---------  ----  ----
  0  C     -0          0.5  -0
  1  C      0.5        0.5  -0
  2  C      0.251476  -0     0
  3  C      0.748524  -0    -0
  4  C     -0         -0     0.5
  5  C      0.5       -0     0.5
  6  C      0.25415    0.5   0.5
  7  C      0.74585    0.5   0.5
  8  Nb     0.5       -0    -0
  9  Nb    -0          0.5   0.5
 10  Nb     0.253023  -0     0.5
 11  Nb     0.746977  -0     0.5
 12  Ti     0.253356   0.5  -0
 13  Ti     0.746644   0.5  -0
 14  Mo    -0         -0    -0
 15  Cr     0.5        0.5   0.5",488.367,199.062,297.79
120,Ti2 Nb4 Cr1 W1 C8,"Full Formula (Ti2 Nb4 Cr1 W1 C8)
Reduced Formula: Ti2Nb4CrWC8
abc   :   8.750961   4.393554   4.400491
angles:  90.000000  90.000000  90.000000
pbc   :       True       True       True
Sites (16)
  #  SP           a    b     c
---  ----  --------  ---  ----
  0  C     0         0.5  -0
  1  C     0.5       0.5  -0
  2  C     0.249252  0     0
  3  C     0.750748  0    -0
  4  C     0         0     0.5
  5  C     0.5       0     0.5
  6  C     0.254588  0.5   0.5
  7  C     0.745412  0.5   0.5
  8  Nb    0.5       0    -0
  9  Nb    0         0.5   0.5
 10  Nb    0.254203  0     0.5
 11  Nb    0.745797  0     0.5
 12  Ti    0.254566  0.5  -0
 13  Ti    0.745434  0.5  -0
 14  W     0         0    -0
 15  Cr    0.5       0.5   0.5",497.787,203.058,302.492
121,Nb4 Cr1 Mo2 W1 C8,"Full Formula (Nb4 Cr1 Mo2 W1 C8)
Reduced Formula: Nb4CrMo2WC8
abc   :   8.798798   4.405799   4.396117
angles:  90.000000  90.000000  90.000000
pbc   :       True       True       True
Sites (16)
  #  SP           a    b     c
---  ----  --------  ---  ----
  0  C     0         0.5   0
  1  C     0.5       0.5   0
  2  C     0.248756  0    -0
  3  C     0.751244  0    -0
  4  C     0         0     0.5
  5  C     0.5       0     0.5
  6  C     0.257813  0.5   0.5
  7  C     0.742187  0.5   0.5
  8  Nb    0.5       0     0
  9  Nb    0         0.5   0.5
 10  Nb    0.253726  0     0.5
 11  Nb    0.746274  0     0.5
 12  Mo    0.259763  0.5   0
 13  Mo    0.740237  0.5   0
 14  W     0         0     0
 15  Cr    0.5       0.5   0.5",444.09,175.531,314.945
122,Ti4 Cr1 Mo2 W1 C8,"Full Formula (Ti4 Cr1 Mo2 W1 C8)
Reduced Formula: Ti4CrMo2WC8
abc   :   8.614148   4.322903   4.316829
angles:  90.000000  90.000000  90.000000
pbc   :       True       True       True
Sites (16)
  #  SP            a     b     c
---  ----  ---------  ----  ----
  0  C     -0          0.5  -0
  1  C      0.5        0.5  -0
  2  C      0.252286  -0     0
  3  C      0.747714   0     0
  4  C     -0         -0     0.5
  5  C      0.5       -0     0.5
  6  C      0.253373   0.5   0.5
  7  C      0.746627   0.5   0.5
  8  Ti     0.5       -0    -0
  9  Ti    -0          0.5   0.5
 10  Ti     0.2551    -0     0.5
 11  Ti     0.7449    -0     0.5
 12  Mo     0.259099   0.5  -0
 13  Mo     0.740901   0.5   0
 14  W     -0         -0    -0
 15  Cr     0.5        0.5   0.5",483.466,195.126,308.558
